caseId,sourceName,articleTitle,articleUrl,scope,canonicalEntity,entityType,eventType,publishBlocked,failureCodes,recommendedFixes
2a68b454035efde5,Comicbook | TV,M.A.S.K. Reveals Wave 2 Figures and Vehicles (And They Are Leaving Wave 1 In The Dust),https://comicbook.com/gear/news/m-a-s-k-reveals-wave-2-figures-and-vehicles-and-they-are-leaving-wave-1-in-the-dust/,entertainment_adjacent,M.A.S.K,tv,licensing,true,CAPTION_ARTICLE_PACKAGE_LABEL|CAPTION_HEADLINE_JUNK|CAPTION_PACKAGE_LABEL_LEAK|CAPTION_MALFORMED_HEADLINE,Strip outlet package labels before deterministic caption generation.
0f91513a96becd86,Deadline | Movie,Hello Sunshine’s President Of Film & Television Lauren Neustadter Previews Upcoming TV Shows ‘Elle’ & ‘Lucky’ And ‘The Nightingale’ Film As Production Gets Underway,https://deadline.com/2026/04/hello-sunshine-film-tv-slate-lauren-neustadter-elle-lucky-1236821878/,screenrender_core,The Nightingale,tv,other,false,,
b23ca10111f6b79f,Deadline | TV,Hello Sunshine’s President Of Film & Television Lauren Neustadter Previews Upcoming TV Shows ‘Elle’ & ‘Lucky’ And ‘The Nightingale’ Film As Production Gets Underway,https://deadline.com/2026/04/hello-sunshine-film-tv-slate-lauren-neustadter-elle-lucky-1236821878/,screenrender_core,The Nightingale,tv,other,false,,
b70e1cf036432f94,Comicbook | TV,"Power Ranking The Boys’ 7 Strongest Characters After Season 5, Episodes 1 & 2",https://comicbook.com/tv-shows/list/power-ranking-the-boys-7-strongest-characters-after-season-5-episodes-1-2/,entertainment_adjacent,Power Ranking The Boys,other,listicle,true,IMAGE_NOT_FOUND|IMAGE_NOT_FOUND_FALSE_BLOCK|PERSON_FALLBACK_BLOCKED_NON_PERSON_LED,Add a recovery path for valid TMDb assets once canonical extraction is reliable.|Improve fallback policy for feed images only when they are explicitly project-linked and renderable.
ab070bfcd2367f8f,Deadline | Movie,Searchlight’s Nastasya Morauw Named VP Communications At Walt Disney Studios,https://deadline.com/2026/04/walt-disney-studios-nastasya-morauw-vp-communications-1236837666/,entertainment_adjacent,Searchlight's Nastasya Morauw Named,person,business,true,CAPTION_CANONICAL_ENTITY_MISMATCH|CAPTION_HEADLINE_JUNK|IMAGE_LOGO_OVERUSE|IMAGE_CANONICAL_ENTITY_MISMATCH|IMAGE_NOT_FOUND|IMAGE_NOT_FOUND_FALSE_BLOCK|PERSON_FALLBACK_BLOCKED_WEAK_PROJECT|CAPTION_MALFORMED_HEADLINE,Add a recovery path for valid TMDb assets once canonical extraction is reliable.|Block company logos as primary images when a project or person entity exists.|Require selected images to be grounded in canonical allowed entities.|Improve fallback policy for feed images only when they are explicitly project-linked and renderable.|Validate caption headline entity against canonical media title and allowed entities.|Strip outlet package labels before deterministic caption generation.
b0d1d2587598cd9e,Deadline | TV,‘Malcolm In The Middle’ Revival Star Caleb Ellsworth-Clark On Replacing Dewey: “Didn’t Want To F*ck That Up”,https://deadline.com/2026/04/malcolm-in-the-middle-revival-star-on-replacing-dewey-1236802658/,screenrender_core,Malcolm In The Middle,tv,casting,true,CAPTION_ARTICLE_PACKAGE_LABEL|CAPTION_HEADLINE_JUNK|CAPTION_PACKAGE_LABEL_LEAK|CAPTION_MALFORMED_HEADLINE,Strip outlet package labels before deterministic caption generation.
b735ec641fe73176,Comicbook | TV,Power Rangers Re-Ignition Reveals Wave 2 Zords and Megazord,https://comicbook.com/gear/news/power-rangers-re-ignition-reveals-wave-2-zords-and-megazord/,screenrender_core,Power Rangers,tv,casting,true,CAPTION_ARTICLE_PACKAGE_LABEL|CAPTION_HEADLINE_JUNK|CAPTION_PACKAGE_LABEL_LEAK|CAPTION_MALFORMED_HEADLINE,Strip outlet package labels before deterministic caption generation.
787693042f3504cd,Comicbook | Movie,The Lord of the Rings: 5 Things That Still Make No Sense About Gimli & the Other Dwarves,https://comicbook.com/movies/list/the-lord-of-the-rings-5-things-that-still-make-no-sense-about-gimli-the-other-dwarves/,screenrender_core,The Lord,person,obituary,true,IMAGE_NOT_FOUND|IMAGE_NOT_FOUND_FALSE_BLOCK|PERSON_FALLBACK_BLOCKED_WEAK_PROJECT,Add a recovery path for valid TMDb assets once canonical extraction is reliable.|Improve fallback policy for feed images only when they are explicitly project-linked and renderable.
153fd2867a679a58,Deadline | TV,Artemis II Crew Successfully Splashes Down Off San Diego Coast,https://deadline.com/2026/04/artemis-ii-splashes-down-san-diego-coast-1236826746/,screenrender_core,textbook entry,movie,other,true,IMAGE_NOT_FOUND|IMAGE_NOT_FOUND_FALSE_BLOCK|PROJECT_FALLBACK_EMPTY,Add a recovery path for valid TMDb assets once canonical extraction is reliable.|Improve fallback policy for feed images only when they are explicitly project-linked and renderable.
dd3c138618a8ee8c,Comicbook | TV,7 Cancelled Disney Shows Not Enough People Talk About,https://comicbook.com/tv-shows/list/7-cancelled-disney-shows-not-enough-people-talk-about/,entertainment_adjacent,Kim Possible,company,business,true,CAPTION_ARTICLE_PACKAGE_LABEL|CAPTION_HEADLINE_JUNK|CAPTION_CANONICAL_ENTITY_MISMATCH|CAPTION_PACKAGE_LABEL_LEAK|CAPTION_MALFORMED_HEADLINE,Validate caption headline entity against canonical media title and allowed entities.|Strip outlet package labels before deterministic caption generation.
1c6445c1664de0c1,Comicbook | Movie,The Hunger Games Reveals New Sunrise on the Reaping Footage (That Will Make Fans Emotional),https://comicbook.com/movies/news/the-hunger-games-reveals-new-sunrise-on-the-reaping-footage-that-will-make-fans-emotional/,entertainment_adjacent,the Reaping Footage Highlights the New,other,listicle,true,CAPTION_ARTICLE_PACKAGE_LABEL|CAPTION_HEADLINE_JUNK|IMAGE_NOT_FOUND|IMAGE_NOT_FOUND_FALSE_BLOCK|PERSON_FALLBACK_BLOCKED_WEAK_PROJECT|CAPTION_PACKAGE_LABEL_LEAK|CAPTION_MALFORMED_HEADLINE,Add a recovery path for valid TMDb assets once canonical extraction is reliable.|Improve fallback policy for feed images only when they are explicitly project-linked and renderable.|Strip outlet package labels before deterministic caption generation.
b57424a76e336ec8,Comicbook | Movie,"The 10 Best Horror Comedies of the 2000s, Ranked",https://comicbook.com/movies/list/the-10-best-horror-comedies-of-the-2000s-ranked/,entertainment_adjacent,real,other,listicle,true,IMAGE_NOT_FOUND|IMAGE_NOT_FOUND_FALSE_BLOCK|PERSON_FALLBACK_BLOCKED_NON_PERSON_LED,Add a recovery path for valid TMDb assets once canonical extraction is reliable.|Improve fallback policy for feed images only when they are explicitly project-linked and renderable.
eea6f42c723e48f7,Comicbook | TV,5 Great Sci-Fi Book Series That Peaked With the First Novel,https://comicbook.com/tv-shows/list/5-great-sci-fi-book-series-that-peaked-with-the-first-novel/,entertainment_adjacent,Great Sci-Fi Book Series,other,listicle,true,IMAGE_NOT_FOUND|IMAGE_NOT_FOUND_FALSE_BLOCK|PERSON_FALLBACK_BLOCKED_NON_PERSON_LED,Add a recovery path for valid TMDb assets once canonical extraction is reliable.|Improve fallback policy for feed images only when they are explicitly project-linked and renderable.
b75a0537ae1d792d,Deadline | Movie,"‘Hunger Games: Sunrise on the Reaping’ Promo Teases New Look At Old Faves Played By Elle Fanning, Kieran Culkin, Maya Hawke & More",https://deadline.com/2026/04/sunrise-on-the-reaping-first-look-maya-hawke-kieran-culkin-teaser-1236791206/,screenrender_core,Hunger Games: Sunrise on the Reaping,movie,other,false,,
61aafcad8198e2ec,Comicbook | TV,The X-Files Favorite David Duchovny Breaks Silence on Ryan Coogler Reboot (Will He Actually Appear?),https://comicbook.com/tv-shows/news/the-x-files-favorite-david-duchovny-breaks-silence-on-ryan-coogler-reboot-will-he-actually-appear/,screenrender_core,The X-Files Favorite David Duchovny,tv,casting,true,IMAGE_CANONICAL_ENTITY_MISMATCH|IMAGE_NOT_FOUND|IMAGE_NOT_FOUND_FALSE_BLOCK|PERSON_FALLBACK_NOT_ALLOWED_TRUE,Add a recovery path for valid TMDb assets once canonical extraction is reliable.|Require selected images to be grounded in canonical allowed entities.|Improve fallback policy for feed images only when they are explicitly project-linked and renderable.
1197f0e48da4e9f9,Deadline | TV,‘The Last Thing He Told Me’ Star Jennifer Garner On Season 2 Finale’s Cliffhanger & Season 3 Hopes: “Just When Hannah Starts To Relax…”,https://deadline.com/2026/04/jennifer-garner-the-last-thing-he-told-me-season-3-hopes-1236786833/,screenrender_core,The Last Thing He,tv,interview_quote,false,,
b0fcc475b74fb073,Comicbook | TV,The Handmaid’s Tale’s Sequel Show Officially Confirms Its June & Nick Replacement (& Sets Up a New Tragedy),https://comicbook.com/tv-shows/feature/the-handmaids-tales-sequel-show-officially-confirms-its-june-nick-replacement-sets-up-a-new-tragedy/,screenrender_core,The Handmaid&#8217;s Tale,tv,casting,true,CAPTION_ARTICLE_PACKAGE_LABEL|CAPTION_HEADLINE_JUNK|CAPTION_PACKAGE_LABEL_LEAK|CAPTION_MALFORMED_HEADLINE,Strip outlet package labels before deterministic caption generation.
7fd85fe5df498453,Deadline | TV,‘The Real Housewives Of Potomac’ Season 11 Cast Set At Bravo With Return Of Robyn Dixon As A “Friend” & Karen Huger After Jail,https://deadline.com/gallery/the-real-housewives-of-potomac-season-11-cast-bravo/,screenrender_core,The Real Housewives Of Potomac,tv,casting,true,IMAGE_COMPANY_LOGO_MISUSED,Block company logos as primary images when a project or person entity exists.
7a749590dd7d91ae,Deadline | Movie,"‘Ride Along 3’ In Early Works With Ice Cube, Kevin Hart, Director Tim Story & Producer Will Packer In Talks To Return – The Dish",https://deadline.com/2026/04/ride-along-3-movie-details-1236786735/,not_screenrender_core,Ride Along,other,shopping,true,IMAGE_NOT_FOUND|IMAGE_NOT_FOUND_FALSE_BLOCK|PERSON_FALLBACK_BLOCKED_NON_PERSON_LED,Add a recovery path for valid TMDb assets once canonical extraction is reliable.|Improve fallback policy for feed images only when they are explicitly project-linked and renderable.
fadcc3e915bb9141,Comicbook | Movie,Avatar 4 & 5’s Major Changes Would Ruin the Entire Point of James Cameron’s Sci-Fi Franchise,https://comicbook.com/movies/feature/avatar-4-5s-major-changes-would-ruin-the-entire-point-of-james-camerons-sci-fi-franchise/,entertainment_adjacent,Avatar: Fire and Ash,tv,business,true,CAPTION_ARTICLE_PACKAGE_LABEL|CAPTION_HEADLINE_JUNK|CAPTION_PACKAGE_LABEL_LEAK|CAPTION_MALFORMED_HEADLINE,Strip outlet package labels before deterministic caption generation.
4063b4a1d9e1726b,Comicbook | Movie,Two of the Biggest Animated Movie Franchises of All Time Are in Netflix’s U.S. Top 5 Right Now,https://comicbook.com/movies/news/two-of-the-biggest-animated-movie-franchises-of-all-time-are-in-netflixs-u-s-top-5-right-now/,entertainment_adjacent,,other,listicle,true,CAPTION_CANONICAL_ENTITY_MISMATCH|IMAGE_NOT_FOUND|IMAGE_NOT_FOUND_FALSE_BLOCK|TMDB_TITLE_NOT_RESOLVED|ENTITY_NOT_RESOLVED|ENTITY_NOT_RESOLVED_SAFE_BLOCK,Tighten canonical entity extraction before image or caption generation.|Add a recovery path for valid TMDb assets once canonical extraction is reliable.|Improve fallback policy for feed images only when they are explicitly project-linked and renderable.|Validate caption headline entity against canonical media title and allowed entities.
d813ce3cce2d513e,Comicbook | Movie,Fan-Favorite Slasher Film Confirms Long-Awaited Sequel,https://comicbook.com/movies/news/fan-favorite-slasher-film-confirms-long-awaited-sequel/,screenrender_core,Friday the 13th,tv,casting,true,CAPTION_ARTICLE_PACKAGE_LABEL|CAPTION_HEADLINE_JUNK|CAPTION_PACKAGE_LABEL_LEAK|CAPTION_MALFORMED_HEADLINE,Strip outlet package labels before deterministic caption generation.
66a2d0b6a011848b,Deadline | Movie,Neon Adds To Cannes Competition Coffers With Na Hong-Jin’s Sci-Fi Thriller ‘Hope’,https://deadline.com/2026/04/neon-buys-cannes-competition-film-hope-na-hong-jin-1236786765/,entertainment_adjacent,Hope,other,event,true,IMAGE_NOT_FOUND|IMAGE_NOT_FOUND_FALSE_BLOCK|PERSON_FALLBACK_BLOCKED_NON_PERSON_LED,Add a recovery path for valid TMDb assets once canonical extraction is reliable.|Improve fallback policy for feed images only when they are explicitly project-linked and renderable.
9249d606c3827601,Comicbook | TV,Malcolm in the Middle Revival’s Rotten Tomatoes Score Revealed (& It’s Not Unfair),https://comicbook.com/tv-shows/news/malcolm-in-the-middle-revivals-rotten-tomatoes-score-revealed-its-not-unfair/,entertainment_adjacent,,other,listicle,true,IMAGE_NOT_FOUND|IMAGE_NOT_FOUND_FALSE_BLOCK|TMDB_TITLE_NOT_RESOLVED|ENTITY_NOT_RESOLVED|ENTITY_NOT_RESOLVED_SAFE_BLOCK,Tighten canonical entity extraction before image or caption generation.|Add a recovery path for valid TMDb assets once canonical extraction is reliable.|Improve fallback policy for feed images only when they are explicitly project-linked and renderable.
bf04e0d75b2d8bc2,Comicbook | Movie,Every Villain Confirmed in Mortal Kombat 2,https://comicbook.com/movies/list/every-villain-confirmed-in-mortal-kombat-2/,entertainment_adjacent,Every Villain Confirmed,person,licensing,true,IMAGE_NOT_FOUND|IMAGE_NOT_FOUND_FALSE_BLOCK|PERSON_FALLBACK_BLOCKED_NON_PERSON_LED,Add a recovery path for valid TMDb assets once canonical extraction is reliable.|Improve fallback policy for feed images only when they are explicitly project-linked and renderable.
2cbe083e31157c02,Deadline | TV,What to Expect in ‘Saturday Night Live’ Season 51: News And Updates,https://deadline.com/feature/snl-season-51-news-updates-1236566372/,screenrender_core,Saturday Night Live,tv,casting,true,CAPTION_ARTICLE_PACKAGE_LABEL|CAPTION_HEADLINE_JUNK|CAPTION_PACKAGE_LABEL_LEAK|CAPTION_MALFORMED_HEADLINE,Strip outlet package labels before deterministic caption generation.
4ced9afc5490c805,Comicbook | Movie,"Two Years After Under Paris, Netflix Just Dropped a New Shark Movie (& It’s the Perfect Crawl Replacement)",https://comicbook.com/movies/news/two-years-after-under-paris-netflix-just-dropped-a-new-shark-movie-its-the-perfect-crawl-replacement/,screenrender_core,Jaws,tv,casting,true,CAPTION_ARTICLE_PACKAGE_LABEL|CAPTION_HEADLINE_JUNK|CAPTION_PACKAGE_LABEL_LEAK|CAPTION_MALFORMED_HEADLINE,Strip outlet package labels before deterministic caption generation.
54493011eb4bfbf0,Comicbook | TV,The Boys Season 5 Is Hiding the Biggest Threat to Homelander,https://comicbook.com/tv-shows/feature/the-boys-season-5-is-hiding-the-biggest-threat-to-homelander/,not_screenrender_core,Is Hiding,person,obituary,true,IMAGE_NOT_FOUND|IMAGE_NOT_FOUND_FALSE_BLOCK|PERSON_FALLBACK_BLOCKED_NON_PERSON_LED,Add a recovery path for valid TMDb assets once canonical extraction is reliable.|Improve fallback policy for feed images only when they are explicitly project-linked and renderable.
8dbc0013eba0eae5,Deadline | Movie,Talent Agent Sam Rubin Joins Artists & Representatives,https://deadline.com/2026/04/sam-rubin-artists-and-representatives-talent-agent-1236786723/,screenrender_core,Talent Agent Sam Rubin,person,casting,true,IMAGE_NOT_FOUND|IMAGE_NOT_FOUND_FALSE_BLOCK|PERSON_FALLBACK_BLOCKED_WEAK_PROJECT,Add a recovery path for valid TMDb assets once canonical extraction is reliable.|Improve fallback policy for feed images only when they are explicitly project-linked and renderable.
cabbff726934775a,Deadline | TV,Talent Agent Sam Rubin Joins Artists & Representatives,https://deadline.com/2026/04/sam-rubin-artists-and-representatives-talent-agent-1236786723/,screenrender_core,Talent Agent Sam Rubin,person,casting,true,IMAGE_NOT_FOUND|IMAGE_NOT_FOUND_FALSE_BLOCK|PERSON_FALLBACK_BLOCKED_WEAK_PROJECT,Add a recovery path for valid TMDb assets once canonical extraction is reliable.|Improve fallback policy for feed images only when they are explicitly project-linked and renderable.
723bafaca4b57b5a,Deadline | TV,"‘Young Sherlock’ To Compete As Comedy At Emmys, Joining Sizable Contingent Of Hourlong Contenders That’s Bringing Back Old Dramedy Category Debate",https://deadline.com/2026/04/young-sherlock-comedy-emmys-dramedy-category-debate-1236785033/,screenrender_core,Young Sherlock,tv,other,false,,
b68cbb1f2ba723fd,Comicbook | Movie,New James Bond Casting Rumors Hint Amazon’s Reboot Could Break 64-Year Franchise Record,https://comicbook.com/movies/news/new-james-bond-casting-rumors-hint-amazons-reboot-could-break-64-year-franchise-record/,screenrender_core,Dune: Part Three,movie,casting,false,,
a756c3daf7537727,Deadline | TV,ABC Buys Pitch From Fox; Workaholic Mom Comedy ‘The Dogwood’ Comes From ‘Mom’ Co-Creator Gemma Baker,https://deadline.com/2026/04/abc-the-dogwood-fox-comedy-gemma-baker-1236786467/,screenrender_core,Workaholic Mom Comedy,person,other,true,CAPTION_CANONICAL_ENTITY_MISMATCH|CAPTION_HEADLINE_JUNK|IMAGE_NOT_FOUND|IMAGE_NOT_FOUND_FALSE_BLOCK|PERSON_FALLBACK_BLOCKED_WEAK_PROJECT|CAPTION_MALFORMED_HEADLINE,Add a recovery path for valid TMDb assets once canonical extraction is reliable.|Improve fallback policy for feed images only when they are explicitly project-linked and renderable.|Validate caption headline entity against canonical media title and allowed entities.|Strip outlet package labels before deterministic caption generation.
71ae73e1079d18b4,Comicbook | TV,"22 Years Later, Scrubs Just Delivered the Perfect Follow-Up to Its Devastating 10/10 Masterpiece Episode",https://comicbook.com/tv-shows/feature/22-years-later-scrubs-just-delivered-the-perfect-follow-up-to-its-devastating-10-10-masterpiece-episode/,not_screenrender_core,My Odds,other,shopping,true,IMAGE_NOT_FOUND|IMAGE_NOT_FOUND_FALSE_BLOCK|PERSON_FALLBACK_BLOCKED_NON_PERSON_LED,Add a recovery path for valid TMDb assets once canonical extraction is reliable.|Improve fallback policy for feed images only when they are explicitly project-linked and renderable.
373a65475563594b,Deadline | Movie,Oscar-Winning Producer Helle Faber To Deliver Keynote At Upcoming Sunny Side Of The Doc Market,https://deadline.com/2026/04/sunny-side-of-the-doc-2026-speakers-1236786696/,screenrender_core,,person,other,true,CAPTION_CANONICAL_ENTITY_MISMATCH|CAPTION_HEADLINE_JUNK|IMAGE_NOT_FOUND|IMAGE_NOT_FOUND_SAFE_BLOCK|TMDB_TITLE_NOT_RESOLVED|CAPTION_MALFORMED_HEADLINE|ENTITY_NOT_RESOLVED|ENTITY_NOT_RESOLVED_SAFE_BLOCK,Tighten canonical entity extraction before image or caption generation.|Improve fallback policy for feed images only when they are explicitly project-linked and renderable.|Validate caption headline entity against canonical media title and allowed entities.|Strip outlet package labels before deterministic caption generation.
779992df25722d33,Deadline | TV,Nickelodeon Animation Studios To Become CBS Studios Label With Alec Botnick As President; Ashley Kaplan Segues To Consulting,https://deadline.com/2026/04/nickelodeon-animation-studios-cbs-studios-alec-botnick-ashley-kaplan-1236786622/,screenrender_core,,person,other,true,IMAGE_NOT_FOUND|IMAGE_NOT_FOUND_SAFE_BLOCK|TMDB_TITLE_NOT_RESOLVED|ENTITY_NOT_RESOLVED|ENTITY_NOT_RESOLVED_SAFE_BLOCK,Tighten canonical entity extraction before image or caption generation.|Improve fallback policy for feed images only when they are explicitly project-linked and renderable.
1c0d1da50e91ffc4,Comicbook | Movie,"11 Years Ago, an Oscar-Winning Sci-Fi Film Debuted and Became Instantly Iconic (Where’s the Sequel?)",https://comicbook.com/movies/feature/11-years-ago-an-oscar-winning-sci-fi-film-debuted-and-became-instantly-iconic-wheres-the-sequel/,entertainment_adjacent,"s the Sequel?) 11 Years Ago, an Oscar-Winning Sci-Fi Film Debuted and Became Instantly Iconic (Where",other,business,true,CAPTION_ARTICLE_PACKAGE_LABEL|CAPTION_HEADLINE_JUNK|CAPTION_PACKAGE_LABEL_LEAK|CAPTION_MALFORMED_HEADLINE,Strip outlet package labels before deterministic caption generation.
0ac75b451638be6d,Deadline | Movie,"Indie Crush: Riz Ahmed Is ‘Hamlet’, Thriller ‘Exit 8’, ‘The Christophers’, ‘New ‘Faces Of Death’ & BTS – Specialty Preview",https://deadline.com/2026/04/indie-films-opening-faces-of-death-bts-exit-8-1236786458/,entertainment_adjacent,New ‘Faces Of Death,movie,licensing,false,,
d9ec7418951ff7ce,Deadline | Movie,"Indie Crush: Bob Odenkirk In ‘Normal’, Riz Ahmed Is ‘Hamlet’, Thriller ‘Exit 8’, ‘The Christophers’, ‘New ‘Faces Of Death’ & BTS – Specialty Preview",https://deadline.com/2026/04/indie-films-opening-faces-of-death-bts-normal-exit-8-1236786458/,entertainment_adjacent,New ‘Faces Of Death,movie,licensing,false,,
281d38f033f38cce,Comicbook | Movie,Star Wars’ Next Movie Is Going to Break a Disappointing Record for Disney After 11 Years (But There’s Some Hope),https://comicbook.com/movies/news/star-wars-next-movie-is-going-to-break-a-disappointing-record-for-disney-after-11-years-but-theres-some-hope/,not_screenrender_core,Episode IV,other,shopping,true,CAPTION_ARTICLE_PACKAGE_LABEL|CAPTION_HEADLINE_JUNK|CAPTION_CANONICAL_ENTITY_MISMATCH|IMAGE_NOT_FOUND|IMAGE_NOT_FOUND_FALSE_BLOCK|PERSON_FALLBACK_BLOCKED_NON_PERSON_LED|CAPTION_PACKAGE_LABEL_LEAK|CAPTION_MALFORMED_HEADLINE,Add a recovery path for valid TMDb assets once canonical extraction is reliable.|Improve fallback policy for feed images only when they are explicitly project-linked and renderable.|Validate caption headline entity against canonical media title and allowed entities.|Strip outlet package labels before deterministic caption generation.
3fb8bf9cc3312892,Comicbook | TV,Star Trek’s Exciting Kirk Spinoff Looks Less Likely As the TV Era Gets Torn Down,https://comicbook.com/tv-shows/news/star-treks-exciting-kirk-spinoff-looks-less-likely-as-the-tv-era-gets-torn-down/,entertainment_adjacent,Spinoff Looks Less Likely,company,business,false,,
1b1bd9165398398f,Deadline | TV,‘The Audacity’ Premiere Episode To Stream In 21 Parts On TikTok And In Full On Samsung FAST Channel,https://deadline.com/2026/04/the-audacity-premiere-amc-tiktok-samsung-streaming-1236786580/,entertainment_adjacent,The Audacity,tv,business,true,CAPTION_ARTICLE_PACKAGE_LABEL|CAPTION_HEADLINE_JUNK|CAPTION_PACKAGE_LABEL_LEAK|CAPTION_MALFORMED_HEADLINE,Strip outlet package labels before deterministic caption generation.
8b08f4d08fab3589,Comicbook | Movie,"45 Years Ago Today, Star Wars Made One Edit to The Original Film That Changed Everything",https://comicbook.com/movies/feature/45-years-ago-today-star-wars-made-one-edit-to-the-original-film-that-changed-everything/,entertainment_adjacent,Years Ago Today,other,listicle,true,IMAGE_NOT_FOUND|IMAGE_NOT_FOUND_FALSE_BLOCK|PROJECT_FALLBACK_EMPTY,Add a recovery path for valid TMDb assets once canonical extraction is reliable.|Improve fallback policy for feed images only when they are explicitly project-linked and renderable.
4c474aa868fc57a8,Deadline | TV,Amanda Batula To Attend ‘Summer House’ Season 10 Reunion To Address “Any & All Questions Honestly & Directly”,https://deadline.com/2026/04/amanda-batula-summer-house-season-10-reunion-1236786618/,screenrender_core,Any & All Questions Honestly & Directly,tv,interview_quote,true,IMAGE_NOT_FOUND|IMAGE_NOT_FOUND_FALSE_BLOCK|POSTER_FALLBACK_FAILED,Add a recovery path for valid TMDb assets once canonical extraction is reliable.|Improve fallback policy for feed images only when they are explicitly project-linked and renderable.
0dbe175f9aecc9ba,Deadline | TV,2026-27 Awards Season Calendar,https://deadline.com/feature/awards-season-calendar-oscars-emmys-golden-globes-list-1234814076/,entertainment_adjacent,Awards Season Calendar UPDATED,other,listicle,true,IMAGE_NOT_FOUND|IMAGE_NOT_FOUND_FALSE_BLOCK|PROJECT_FALLBACK_EMPTY,Add a recovery path for valid TMDb assets once canonical extraction is reliable.|Improve fallback policy for feed images only when they are explicitly project-linked and renderable.
0063bf59d65c4ea7,Deadline | Movie,2026-27 Awards Season Calendar,https://deadline.com/feature/awards-season-calendar-oscars-emmys-golden-globes-list-1234814076/,entertainment_adjacent,Awards Season Calendar UPDATED,other,listicle,true,IMAGE_NOT_FOUND|IMAGE_NOT_FOUND_FALSE_BLOCK|PROJECT_FALLBACK_EMPTY,Add a recovery path for valid TMDb assets once canonical extraction is reliable.|Improve fallback policy for feed images only when they are explicitly project-linked and renderable.
65f3176714ed896a,Comicbook | Movie,KPop Demon Hunters’ New Animated Short Should Start a New Trend Before the Sequel,https://comicbook.com/movies/feature/kpop-demon-hunters-new-animated-short-should-start-a-new-trend-before-the-sequel/,entertainment_adjacent,KPop Demon Hunters,other,business,true,CAPTION_ARTICLE_PACKAGE_LABEL|CAPTION_HEADLINE_JUNK|CAPTION_PACKAGE_LABEL_LEAK|CAPTION_MALFORMED_HEADLINE,Strip outlet package labels before deterministic caption generation.
16ca4fba4c5c0eb5,Deadline | Movie,Imani Lewis & Laya DeLeon Hayes Set For Queer Coming-Of-Age Film ‘Pure’ From First-Time Feature Director Natalie Jasmine Harris,https://deadline.com/2026/04/imani-lewis-laya-deleon-hayes-to-star-pure-1236786606/,screenrender_core,Imani Lewis,person,release_date,true,IMAGE_NOT_FOUND|IMAGE_NOT_FOUND_FALSE_BLOCK|PERSON_FALLBACK_BLOCKED_WEAK_PROJECT,Add a recovery path for valid TMDb assets once canonical extraction is reliable.|Improve fallback policy for feed images only when they are explicitly project-linked and renderable.
11a751246beb630e,Deadline | Movie,Millennium Docs Against Gravity Announces Main Competition Slate Packed With Oscar-Caliber Documentaries,https://deadline.com/2026/04/millennium-docs-against-gravity-2026-main-competition-lineup-1236786566/,entertainment_adjacent,Millennium Docs Against Gravity,other,event,true,IMAGE_NOT_FOUND|IMAGE_NOT_FOUND_FALSE_BLOCK|PROJECT_FALLBACK_EMPTY,Add a recovery path for valid TMDb assets once canonical extraction is reliable.|Improve fallback policy for feed images only when they are explicitly project-linked and renderable.
74a43749f6745097,Comicbook | Movie,"Jurassic Park’s 10 Most Terrifying Dinosaurs, Ranked",https://comicbook.com/movies/list/jurassic-parks-10-most-terrifying-dinosaurs-ranked/,entertainment_adjacent,Compies,other,listicle,true,CAPTION_CANONICAL_ENTITY_MISMATCH|IMAGE_NOT_FOUND|IMAGE_NOT_FOUND_FALSE_BLOCK|PROJECT_FALLBACK_EMPTY,Add a recovery path for valid TMDb assets once canonical extraction is reliable.|Improve fallback policy for feed images only when they are explicitly project-linked and renderable.|Validate caption headline entity against canonical media title and allowed entities.
bda19e6753e9e9db,Comicbook | Movie,"After Scream 7, Netflix Just Added One of the Best Scream Movies Since the Original",https://comicbook.com/movies/news/after-scream-7-netflix-just-added-one-of-the-best-scream-movies-since-the-original/,entertainment_adjacent,s no denying that West Craven,other,listicle,true,IMAGE_NOT_FOUND|IMAGE_NOT_FOUND_FALSE_BLOCK|PERSON_FALLBACK_BLOCKED_NON_PERSON_LED,Add a recovery path for valid TMDb assets once canonical extraction is reliable.|Improve fallback policy for feed images only when they are explicitly project-linked and renderable.
8fc59b750df7e2e7,Deadline | TV,"‘Poser’ Casts Jaime Ray Newman, Jessie Cohen, Tess Paras & Candace Allen In Recurring Roles",https://deadline.com/2026/04/netflix-poser-casts-recurring-roles-1236786526/,screenrender_core,Poser,tv,casting,true,CAPTION_ARTICLE_PACKAGE_LABEL|CAPTION_HEADLINE_JUNK|CAPTION_PACKAGE_LABEL_LEAK|CAPTION_MALFORMED_HEADLINE,Strip outlet package labels before deterministic caption generation.
9d7edadb51562b3b,Deadline | Movie,Netherlands Film Fund Appoints New Permanent CEO After Three Years Of Interim Leadership,https://deadline.com/2026/04/netherlands-film-fund-appoints-new-ceo-1236786550/,entertainment_adjacent,Netherlands Film Fund Appoints,person,business,true,IMAGE_NOT_FOUND|IMAGE_NOT_FOUND_FALSE_BLOCK|PERSON_FALLBACK_BLOCKED_WEAK_PROJECT,Add a recovery path for valid TMDb assets once canonical extraction is reliable.|Improve fallback policy for feed images only when they are explicitly project-linked and renderable.
6d9701fde8202b5c,Comicbook | TV,"For All Mankind Devastates With Latest Episode as Apple TV Fans Mourn, “I’m Destroyed”",https://comicbook.com/tv-shows/news/for-all-mankind-devastates-with-latest-episode-as-apple-tv-fans-mourn-im-destroyed/,screenrender_core,For All Mankind Devastates,person,obituary,false,,
04d992dcca33d8fb,Comicbook | Movie,Netflix Cancels Plans For Beloved Animated Franchise From Over The Garden Wall Creator,https://comicbook.com/anime/news/netflix-cancels-plans-for-beloved-animated-franchise-from-over-the-garden-wall-creator/,screenrender_core,Redwall,tv,casting,true,CAPTION_ARTICLE_PACKAGE_LABEL|CAPTION_HEADLINE_JUNK|CAPTION_PACKAGE_LABEL_LEAK|CAPTION_MALFORMED_HEADLINE,Strip outlet package labels before deterministic caption generation.
b6c6eb9d2656ea76,Comicbook | TV,10 Biggest MCU Deaths That Didn’t Happen in Movies,https://comicbook.com/tv-shows/list/10-biggest-mcu-deaths-that-didnt-happen-in-movies/,entertainment_adjacent,The Southern Cross,tv,licensing,false,,
cc40191625758637,Deadline | TV,Lionsgate Ups Laurel Pecchia To SVP Corporate Communications,https://deadline.com/2026/04/lionsgate-laurel-pecchia-svp-corporate-communications-1236785969/,entertainment_adjacent,Lionsgate Ups Laurel Pecchia,person,business,true,IMAGE_NOT_FOUND|IMAGE_NOT_FOUND_FALSE_BLOCK|PERSON_FALLBACK_BLOCKED_WEAK_PROJECT,Add a recovery path for valid TMDb assets once canonical extraction is reliable.|Improve fallback policy for feed images only when they are explicitly project-linked and renderable.
3ee6792f7163938e,Comicbook | Movie,Idris Elba’s Underrated Horror Thriller Just Hit Netflix 4 Years After a Lackluster Box Office Performance,https://comicbook.com/movies/news/idris-elbas-underrated-horror-thriller-just-hit-netflix-4-years-after-a-lackluster-box-office-performance/,entertainment_adjacent,Idris Elba's Underrated Horror,other,business,true,IMAGE_NOT_FOUND|IMAGE_NOT_FOUND_FALSE_BLOCK|PERSON_FALLBACK_BLOCKED_WEAK_PROJECT,Add a recovery path for valid TMDb assets once canonical extraction is reliable.|Improve fallback policy for feed images only when they are explicitly project-linked and renderable.
0b72ebf7b5093fc6,Deadline | Movie,Olympic Pic ‘Perfect’ Not Moving Forward At Netflix After Millie Bobby Brown Exits Project,https://deadline.com/2026/04/perfect-millie-bobby-brown-1236786287/,screenrender_core,Perfect,movie,interview_quote,false,,
e2b46f286c767f5b,Deadline | TV,Chyna McQueen On Her Historic BAFTA TV Nomination For ‘Get Millie Black’ & Potential Plans For A Second Season: “It’s Being Discussed”,https://deadline.com/2026/04/chyna-mcqueen-bafta-tv-nomination-get-millie-black-1236786352/,screenrender_core,Get Millie Black,tv,other,false,,
e98173c102b5a867,Deadline | TV,"Apple TV Sets Interactive Fan Experience For ‘Pluribus’, ‘Shrinking’, ‘Your Friends & Neighbors’ & More",https://deadline.com/2026/04/apple-tv-fan-experience-pluribus-shrinking-chief-of-war-1236786441/,screenrender_core,Pluribus,tv,other,false,,
79493bab2797ed1a,Comicbook | TV,An Iconic 2000s Sitcom Was Just Rebooted 20 Years Later (And You Can Watch It on Hulu),https://comicbook.com/tv-shows/news/an-iconic-2000s-sitcom-was-just-rebooted-20-years-later-and-you-can-watch-it-on-hulu/,entertainment_adjacent,,other,event,true,IMAGE_NOT_FOUND|IMAGE_NOT_FOUND_FALSE_BLOCK|TMDB_TITLE_NOT_RESOLVED|ENTITY_NOT_RESOLVED|ENTITY_NOT_RESOLVED_SAFE_BLOCK,Tighten canonical entity extraction before image or caption generation.|Add a recovery path for valid TMDb assets once canonical extraction is reliable.|Improve fallback policy for feed images only when they are explicitly project-linked and renderable.
e756e8aa47678f50,Comicbook | TV,Why Maul Still Calls Himself That When He’s No Longer a Sith (& What Was His Real Name?),https://comicbook.com/tv-shows/feature/why-maul-still-calls-himself-that-when-hes-no-longer-a-sith-what-was-his-real-name/,screenrender_core,Darth,person,obituary,false,,
59b3885fade4e4f6,Comicbook | TV,Adult Swim to Resurrect Fan-Favorite Animated Series,https://comicbook.com/anime/news/adult-swim-to-resurrect-fan-favorite-animated-series/,screenrender_core,Rick &amp; Morty,tv,casting,true,CAPTION_ARTICLE_PACKAGE_LABEL|CAPTION_HEADLINE_JUNK|IMAGE_CANONICAL_ENTITY_MISMATCH|IMAGE_NOT_FOUND|IMAGE_NOT_FOUND_FALSE_BLOCK|PERSON_FALLBACK_NOT_ALLOWED_TRUE|CAPTION_PACKAGE_LABEL_LEAK|CAPTION_MALFORMED_HEADLINE,Add a recovery path for valid TMDb assets once canonical extraction is reliable.|Require selected images to be grounded in canonical allowed entities.|Improve fallback policy for feed images only when they are explicitly project-linked and renderable.|Strip outlet package labels before deterministic caption generation.
5321556faaf85bd9,Deadline | Movie,Nicolas Cage & Bill Skarsgård ‘Lords Of War’ Sequel Picked Up By Vertical,https://deadline.com/2026/04/nicolas-cage-bill-skarsgard-lords-of-war-vertical-1236786412/,not_screenrender_core,Nicolas Cage,other,shopping,true,CAPTION_CANONICAL_ENTITY_MISMATCH|IMAGE_NOT_FOUND|IMAGE_NOT_FOUND_FALSE_BLOCK|PROJECT_FALLBACK_EMPTY,Add a recovery path for valid TMDb assets once canonical extraction is reliable.|Improve fallback policy for feed images only when they are explicitly project-linked and renderable.|Validate caption headline entity against canonical media title and allowed entities.
28a4d4f0fa4e6b30,Deadline | Movie,Shudder Acquires Mark O’Brien’s Supernatural Horror Film ‘The Voices Of Our Mother’,https://deadline.com/2026/04/the-voices-of-our-mother-film-mark-obrien-shudder-1236786081/,screenrender_core,The Voices Of Our Mother,movie,release_date,true,IMAGE_CANONICAL_ENTITY_MISMATCH|IMAGE_NOT_FOUND|IMAGE_NOT_FOUND_FALSE_BLOCK|POSTER_FALLBACK_FAILED,Add a recovery path for valid TMDb assets once canonical extraction is reliable.|Require selected images to be grounded in canonical allowed entities.|Improve fallback policy for feed images only when they are explicitly project-linked and renderable.
d32b364f9f7e5b24,Comicbook | Movie,"45 Years Ago, the Most Underrated Fantasy Movie of the ‘80s Premiered (It’s Zack Snyder’s Favorite Film)",https://comicbook.com/movies/feature/45-years-ago-the-most-underrated-fantasy-movie-of-the-80s-premiered-its-zack-snyders-favorite-film/,entertainment_adjacent,Years Ago,other,listicle,true,IMAGE_NOT_FOUND|IMAGE_NOT_FOUND_FALSE_BLOCK|PERSON_FALLBACK_BLOCKED_NON_PERSON_LED,Add a recovery path for valid TMDb assets once canonical extraction is reliable.|Improve fallback policy for feed images only when they are explicitly project-linked and renderable.
d6f8df71c7b1bccc,Deadline | Movie,‘Pretty Little Liars’ Star Sasha Pieterse Launches Mother Bare Productions With Sherrilyn Kenyon Supernatural Book Series ‘Infernal Affairs’ As First Project,https://deadline.com/2026/04/sasha-pieterse-sherrilyn-kenyon-adaptation-infernal-affairs-1236786372/,screenrender_core,Pretty Little Liars,tv,other,true,IMAGE_COMPANY_LOGO_MISUSED,Block company logos as primary images when a project or person entity exists.
24aece4f541d7ab0,Comicbook | Movie,“Oh My God”: MCU X-Men Casting & Team Lineup Reports Have Marvel Fans Excited & Worried It’s “Too Good To Be True”,https://comicbook.com/movies/news/oh-my-god-mcu-x-men-casting-team-lineup-reports-have-marvel-fans-excited-worried-its-too-good-to-be-true/,not_screenrender_core,Oh My God,other,shopping,true,CAPTION_ARTICLE_PACKAGE_LABEL|CAPTION_HEADLINE_JUNK|CAPTION_CANONICAL_ENTITY_MISMATCH|IMAGE_NOT_FOUND|IMAGE_NOT_FOUND_FALSE_BLOCK|PERSON_FALLBACK_BLOCKED_NON_PERSON_LED|CAPTION_PACKAGE_LABEL_LEAK|CAPTION_MALFORMED_HEADLINE,Add a recovery path for valid TMDb assets once canonical extraction is reliable.|Improve fallback policy for feed images only when they are explicitly project-linked and renderable.|Validate caption headline entity against canonical media title and allowed entities.|Strip outlet package labels before deterministic caption generation.
eb7f07ed0acc83ae,Comicbook | TV,All 65 Episodes of an Addictive Horror Fantasy Show Are About To Leave Netflix,https://comicbook.com/tv-shows/news/all-65-episodes-of-an-addictive-horror-fantasy-show-are-about-to-leave-netflix/,not_screenrender_core,Addictive Horror Fantasy Show,other,shopping,true,CAPTION_ARTICLE_PACKAGE_LABEL|CAPTION_HEADLINE_JUNK|IMAGE_NOT_FOUND|IMAGE_NOT_FOUND_FALSE_BLOCK|PERSON_FALLBACK_BLOCKED_NON_PERSON_LED|CAPTION_PACKAGE_LABEL_LEAK|CAPTION_MALFORMED_HEADLINE,Add a recovery path for valid TMDb assets once canonical extraction is reliable.|Improve fallback policy for feed images only when they are explicitly project-linked and renderable.|Strip outlet package labels before deterministic caption generation.
c06e5752f2478b61,Deadline | TV,YouTube Premium Raising Prices,https://deadline.com/2026/04/youtube-premium-price-hike-streaming-1236786414/,not_screenrender_core,YouTube Premium Raising Prices,other,shopping,true,CAPTION_CANONICAL_ENTITY_MISMATCH|IMAGE_NOT_FOUND|IMAGE_NOT_FOUND_FALSE_BLOCK|PROJECT_FALLBACK_EMPTY,Add a recovery path for valid TMDb assets once canonical extraction is reliable.|Improve fallback policy for feed images only when they are explicitly project-linked and renderable.|Validate caption headline entity against canonical media title and allowed entities.
f33f94ec426164c4,Comicbook | TV,Legendary Horror Series Confirms Streaming Debut After Years in Limbo,https://comicbook.com/tv-shows/news/legendary-horror-series-confirms-streaming-debut-after-years-in-limbo/,entertainment_adjacent,Tales From The Crypt,company,business,true,CAPTION_ARTICLE_PACKAGE_LABEL|CAPTION_HEADLINE_JUNK|CAPTION_CANONICAL_ENTITY_MISMATCH|CAPTION_PACKAGE_LABEL_LEAK|CAPTION_MALFORMED_HEADLINE,Validate caption headline entity against canonical media title and allowed entities.|Strip outlet package labels before deterministic caption generation.
32cc95a0efe42e45,Comicbook | TV,Lightsabers Have Never Looked Better Than Star Wars’ New TV Show,https://comicbook.com/tv-shows/feature/lightsabers-have-never-looked-better-than-star-wars-new-tv-show/,not_screenrender_core,laser swords,other,shopping,true,CAPTION_ARTICLE_PACKAGE_LABEL|CAPTION_HEADLINE_JUNK|IMAGE_NOT_FOUND|IMAGE_NOT_FOUND_FALSE_BLOCK|PERSON_FALLBACK_BLOCKED_NON_PERSON_LED|CAPTION_PACKAGE_LABEL_LEAK|CAPTION_MALFORMED_HEADLINE,Add a recovery path for valid TMDb assets once canonical extraction is reliable.|Improve fallback policy for feed images only when they are explicitly project-linked and renderable.|Strip outlet package labels before deterministic caption generation.
f7b6b26efae18bb7,Deadline | TV,Rob Mac & Ryan Reynolds’ ‘Welcome To Wrexham’ Renewed For 3 More Seasons By FX,https://deadline.com/2026/04/welcome-to-wrexham-renewed-3-seasons-fx-1236786277/,screenrender_core,Welcome To Wrexham,tv,renewal,false,,
6b42dd66fefaa443,Comicbook | TV,5 Criminally Cancelled Sci-Fi Shows We’ll Never Get Over,https://comicbook.com/tv-shows/list/5-criminally-cancelled-sci-fi-shows-well-never-get-over/,entertainment_adjacent,,other,listicle,true,IMAGE_NOT_FOUND|IMAGE_NOT_FOUND_FALSE_BLOCK|TMDB_TITLE_NOT_RESOLVED|ENTITY_NOT_RESOLVED|ENTITY_NOT_RESOLVED_SAFE_BLOCK,Tighten canonical entity extraction before image or caption generation.|Add a recovery path for valid TMDb assets once canonical extraction is reliable.|Improve fallback policy for feed images only when they are explicitly project-linked and renderable.
3a3bf148161b12b2,Deadline | Movie,MK2 Boards Ground-Breaking Rwandan Cannes-Selected Film ‘Ben’Imana’,https://deadline.com/2026/04/mk2-cannes-rwanda-benimana-1236786375/,screenrender_core,Ben'Imana,movie,development,false,,
de89f0e02e229e93,Deadline | Movie,International Insider: Cannes Keeps Biz Guessing; Netflix Bets House On Argentina; ‘The Testaments’,https://deadline.com/2026/04/cannes-film-festival-the-testaments-international-insider-1236785655/,entertainment_adjacent,,other,event,true,IMAGE_NOT_FOUND|IMAGE_NOT_FOUND_FALSE_BLOCK|TMDB_TITLE_NOT_RESOLVED|ENTITY_NOT_RESOLVED|ENTITY_NOT_RESOLVED_SAFE_BLOCK,Tighten canonical entity extraction before image or caption generation.|Add a recovery path for valid TMDb assets once canonical extraction is reliable.|Improve fallback policy for feed images only when they are explicitly project-linked and renderable.
8770b6991e86f116,Deadline | TV,International Insider: Cannes Keeps Biz Guessing; Netflix Bets House On Argentina; ‘The Testaments’,https://deadline.com/2026/04/cannes-film-festival-the-testaments-international-insider-1236785655/,entertainment_adjacent,,other,event,true,IMAGE_NOT_FOUND|IMAGE_NOT_FOUND_FALSE_BLOCK|TMDB_TITLE_NOT_RESOLVED|ENTITY_NOT_RESOLVED|ENTITY_NOT_RESOLVED_SAFE_BLOCK,Tighten canonical entity extraction before image or caption generation.|Add a recovery path for valid TMDb assets once canonical extraction is reliable.|Improve fallback policy for feed images only when they are explicitly project-linked and renderable.
dfdc19ba264f83c3,Comicbook | Movie,Follow-Up to 2026’s Cult-Hit Horror Confirmed (& It’s What Fans Want),https://comicbook.com/movies/news/follow-up-to-2026s-cult-hit-horror-confirmed-its-what-fans-want/,not_screenrender_core,Tuason told Phantasmag,other,shopping,true,IMAGE_NOT_FOUND|IMAGE_NOT_FOUND_FALSE_BLOCK|PERSON_FALLBACK_BLOCKED_NON_PERSON_LED,Add a recovery path for valid TMDb assets once canonical extraction is reliable.|Improve fallback policy for feed images only when they are explicitly project-linked and renderable.
b0722a1432ebdac3,Comicbook | Movie,Cult Classic 1980s Comedy Movie Is Finally Getting a Sequel With a Major Hollywood Star,https://comicbook.com/movies/news/cult-classic-1980s-comedy-movie-is-finally-getting-a-sequel-with-a-major-hollywood-star/,screenrender_core,Troop Beverly Hills,movie,casting,true,IMAGE_CANONICAL_ENTITY_MISMATCH|IMAGE_NOT_FOUND|IMAGE_NOT_FOUND_FALSE_BLOCK|PERSON_FALLBACK_NOT_ALLOWED_TRUE,Add a recovery path for valid TMDb assets once canonical extraction is reliable.|Require selected images to be grounded in canonical allowed entities.|Improve fallback policy for feed images only when they are explicitly project-linked and renderable.
9fe6b6f8f4a0cb8d,Deadline | Movie,BAFTA Apologizes “Unreservedly” To Black & Disabled Communities For Racial Slur Debacle After Review Finds “Number Of Structural Weaknesses” In Its Awards Planning,https://deadline.com/2026/04/bafta-apologizes-n-word-debacle-publishes-review-1236786350/,not_screenrender_core,Unreservedly,other,other,true,CAPTION_CANONICAL_ENTITY_MISMATCH|IMAGE_NOT_FOUND|IMAGE_NOT_FOUND_FALSE_BLOCK|PROJECT_FALLBACK_EMPTY,Add a recovery path for valid TMDb assets once canonical extraction is reliable.|Improve fallback policy for feed images only when they are explicitly project-linked and renderable.|Validate caption headline entity against canonical media title and allowed entities.
6980bd2f009e006a,Deadline | Movie,BAFTA Apologizes “Unreservedly” To Black & Disabled Communities For Racial Slur Debacle After Review Finds “Number Of Structural Weaknesses” In Its Awards Planning,https://deadline.com/2026/04/bafta-apologizes-unreservedly-to-black-disabled-communities-for-racial-slur-debacle-after-review-finds-number-of-structural-weaknesses-in-its-awards-planning-1236786350/,not_screenrender_core,Unreservedly,other,other,true,CAPTION_CANONICAL_ENTITY_MISMATCH|IMAGE_NOT_FOUND|IMAGE_NOT_FOUND_FALSE_BLOCK|PROJECT_FALLBACK_EMPTY,Add a recovery path for valid TMDb assets once canonical extraction is reliable.|Improve fallback policy for feed images only when they are explicitly project-linked and renderable.|Validate caption headline entity against canonical media title and allowed entities.
4bdbf7f0927af572,Deadline | TV,"‘The Last Thing He Told Me’ Star Judy Greer Breaks Down Season 2 Finale Twists & “Refreshing” Role Of Quinn, Who “Doesn’t Crumble”",https://deadline.com/2026/04/judy-greer-the-last-thing-he-told-me-season-2-end-interview-1236786239/,screenrender_core,The Last Thing He,tv,other,false,,
2c916dc4e8771cc6,Deadline | TV,Finn Wolfhard Told ‘Malcolm in the Middle’ Creator “F*ck Yeah” To Revival Cameo: “He’s Such A Big Fan”,https://deadline.com/2026/04/finn-wolfhard-malcolm-in-the-middle-fck-yeah-revival-cameo-1236786293/,screenrender_core,Malcolm in the Middle,tv,reveal,false,,
8c5025010fc6b0ae,Deadline | TV,"‘Malcolm in the Middle: Life’s Still Unfair’ Creator & EP Wife On Bryan Cranston’s “Constant Nudity,” Channeling “Parental Pressure” & Representing Their LGBTQ Kids: “Really Important To Us”",https://deadline.com/2026/04/malcolm-in-the-middle-creator-ep-wife-lgbtq-kids-1236786214/,entertainment_adjacent,Malcolm in the Middle: Life,tv,business,false,,
4d0bb192a539b32a,Comicbook | Movie,Thrash Stars Reveal What Makes Netflix’s New Shark Movie Different From B Movies Like Sharknado (Exclusive),https://comicbook.com/movies/news/thrash-stars-reveal-what-makes-netflixs-new-shark-movie-different-from-b-movies-like-sharknado-exclusive/,not_screenrender_core,New Shark,other,shopping,true,CAPTION_ARTICLE_PACKAGE_LABEL|CAPTION_HEADLINE_JUNK|IMAGE_NOT_FOUND|IMAGE_NOT_FOUND_FALSE_BLOCK|PERSON_FALLBACK_BLOCKED_NON_PERSON_LED|CAPTION_PACKAGE_LABEL_LEAK|CAPTION_MALFORMED_HEADLINE,Add a recovery path for valid TMDb assets once canonical extraction is reliable.|Improve fallback policy for feed images only when they are explicitly project-linked and renderable.|Strip outlet package labels before deterministic caption generation.
6872f976374e22c1,Comicbook | TV,Wednesday Season 3 Gets More Exciting Thanks to A Game of Thrones Icon,https://comicbook.com/tv-shows/news/wednesday-season-3-gets-more-exciting-thanks-to-a-game-of-thrones-icon/,entertainment_adjacent,Game of Thrones,tv,licensing,true,CAPTION_ARTICLE_PACKAGE_LABEL|CAPTION_HEADLINE_JUNK|CAPTION_PACKAGE_LABEL_LEAK|CAPTION_MALFORMED_HEADLINE,Strip outlet package labels before deterministic caption generation.
867cf617150efbd3,Comicbook | Movie,Chris Evans’ Forgotten Superhero Movie is Free to Stream This Month,https://comicbook.com/movies/news/chris-evans-forgotten-superhero-movie-is-free-to-stream-this-month/,entertainment_adjacent,movers,other,listicle,true,IMAGE_NOT_FOUND|IMAGE_NOT_FOUND_FALSE_BLOCK|PERSON_FALLBACK_BLOCKED_NON_PERSON_LED,Add a recovery path for valid TMDb assets once canonical extraction is reliable.|Improve fallback policy for feed images only when they are explicitly project-linked and renderable.
70b10eba4603df59,Comicbook | Movie,A Harry Potter Star’s Lowest Rated Movie Just Became Free to Stream,https://comicbook.com/movies/news/a-harry-potter-stars-lowest-rated-movie-just-became-free-to-stream/,not_screenrender_core,Weird Al,other,shopping,true,CAPTION_CANONICAL_ENTITY_MISMATCH|IMAGE_NOT_FOUND|IMAGE_NOT_FOUND_FALSE_BLOCK|PERSON_FALLBACK_BLOCKED_NON_PERSON_LED,Add a recovery path for valid TMDb assets once canonical extraction is reliable.|Improve fallback policy for feed images only when they are explicitly project-linked and renderable.|Validate caption headline entity against canonical media title and allowed entities.
eef6f9bfebc7e54f,Deadline | TV,‘Malcolm in the Middle’s Bryan Cranston & Jane Kaczmarek On What Keeps Hal & Lois Together: “They Have Good Sex”,https://deadline.com/2026/04/malcolm-in-the-middle-bryan-cranston-jane-kaczmarek-good-sex-1236786200/,screenrender_core,Malcolm in the Middle,tv,other,false,,
476c333343f0fe4b,Deadline | TV,"Disney Co. New Chief Communications Officer Paul Roeder Sets Team; April Carretta Upped, Adding Lead Comms Duties For President Dana Walden",https://deadline.com/2026/04/disney-paul-roeder-april-carretta-communications-dana-walden-1236786241/,screenrender_core,Communications Officer Paul Roeder,person,other,true,CAPTION_CANONICAL_ENTITY_MISMATCH|CAPTION_HEADLINE_JUNK|IMAGE_NOT_FOUND|IMAGE_NOT_FOUND_FALSE_BLOCK|PERSON_FALLBACK_BLOCKED_WEAK_PROJECT|CAPTION_MALFORMED_HEADLINE,Add a recovery path for valid TMDb assets once canonical extraction is reliable.|Improve fallback policy for feed images only when they are explicitly project-linked and renderable.|Validate caption headline entity against canonical media title and allowed entities.|Strip outlet package labels before deterministic caption generation.
94db138e144f7fa0,Deadline | Movie,"Jenna Bush Hager Has ‘Devil Wears Prada 2’ Cameo, Craig Melvin Lets Slip On ‘Today’: “My Bad!”",https://deadline.com/2026/04/jenna-bush-hager-devil-wears-prada-2-cameo-craig-melvin-1236786245/,screenrender_core,Devil Wears Prada 2,movie,release_date,false,,
ad25a805f31dc7f5,Comicbook | TV,7 Underrated Books Every Fantasy Fan Should Read (And #2 Still Needs a Proper TV Adaptation),https://comicbook.com/tv-shows/list/7-underrated-books-every-fantasy-fan-should-read-and-2-still-needs-a-proper-tv-adaptation/,entertainment_adjacent,Game of Thrones,tv,licensing,true,CAPTION_ARTICLE_PACKAGE_LABEL|CAPTION_HEADLINE_JUNK|CAPTION_PACKAGE_LABEL_LEAK|CAPTION_MALFORMED_HEADLINE,Strip outlet package labels before deterministic caption generation.
664a890c3c26b87e,Deadline | TV,Network Coverage Of Artemis II Return Shifts Friday Primetime Schedules,https://deadline.com/2026/04/artemis-ii-return-network-coverage-primetime-schedule-shift-watch-1236786140/,screenrender_core,Network Coverage Of Artemis II,movie,return,true,IMAGE_NOT_FOUND|IMAGE_NOT_FOUND_FALSE_BLOCK|PROJECT_FALLBACK_EMPTY,Add a recovery path for valid TMDb assets once canonical extraction is reliable.|Improve fallback policy for feed images only when they are explicitly project-linked and renderable.
fb684ddd51e3ef3b,Deadline | TV,Network Coverage Of Artemis II Return Shifts Friday Primetime Schedules,https://deadline.com/2026/04/artemis-ii-return-network-coverage-primetime-schedule-shift-1236786140/,screenrender_core,Network Coverage Of Artemis II,movie,return,true,IMAGE_NOT_FOUND|IMAGE_NOT_FOUND_FALSE_BLOCK|PROJECT_FALLBACK_EMPTY,Add a recovery path for valid TMDb assets once canonical extraction is reliable.|Improve fallback policy for feed images only when they are explicitly project-linked and renderable.
b517e236f491d6aa,Deadline | TV,CBS Sets ‘Artemis II Return To Earth’ Live Special; Tweaks Friday West Coast Primetime Schedule,https://deadline.com/2026/04/cbs-news-artemis-ii-return-special-primetime-schedule-shift-1236786140/,screenrender_core,Artemis II,movie,return,false,,
f76fa3605f1ac701,Deadline | Movie,Oscar Winner Steven Bognar Boards ‘Who Moves America’ As E.P.; Yael Bridge Doc Examines UPS Teamsters Contract Battle,https://deadline.com/2026/04/who-moves-america-steven-bognar-executive-producer-1236786215/,entertainment_adjacent,Oscar Winner Steven Bognar,person,business,true,IMAGE_NOT_FOUND|IMAGE_NOT_FOUND_FALSE_BLOCK|PERSON_FALLBACK_BLOCKED_WEAK_PROJECT,Add a recovery path for valid TMDb assets once canonical extraction is reliable.|Improve fallback policy for feed images only when they are explicitly project-linked and renderable.
db1e2bbbbf5956b1,Comicbook | TV,God-Tier Cosmic Marvel Character Spotted in Daredevil: Born Again,https://comicbook.com/tv-shows/news/god-tier-cosmic-marvel-character-spotted-in-daredevil-born-again/,screenrender_core,Daredevil: Born Again,tv,reveal,true,SPOILER_SAFE_MANUAL_REVIEW_REQUIRED,
51857b0989064770,Comicbook | TV,First Look at the Harry Potter Reboot’s Most Important Missing Movie Character Revealed (& It Changes The Books Again),https://comicbook.com/tv-shows/news/first-look-at-the-harry-potter-reboots-most-important-missing-movie-character-revealed-it-changes-the-books-again/,not_screenrender_core,,other,shopping,true,IMAGE_NOT_FOUND|IMAGE_NOT_FOUND_FALSE_BLOCK|TMDB_TITLE_NOT_RESOLVED|ENTITY_NOT_RESOLVED|ENTITY_NOT_RESOLVED_SAFE_BLOCK,Tighten canonical entity extraction before image or caption generation.|Add a recovery path for valid TMDb assets once canonical extraction is reliable.|Improve fallback policy for feed images only when they are explicitly project-linked and renderable.
779e764cd79ad6c3,Deadline | TV,"CBS Picks Up ‘Eternally Yours’ Comedy Pilot From ‘Ghosts’ Showrunners To Series, ‘The Tillbrooks’ Not Moving Forward",https://deadline.com/2026/04/cbs-eternally-yours-comedy-series-the-tillbrooks-pilot-dead-1236786163/,screenrender_core,Eternally Yours' Comedy Pilot,person,other,true,CAPTION_CANONICAL_ENTITY_MISMATCH|CAPTION_HEADLINE_JUNK|IMAGE_NOT_FOUND|IMAGE_NOT_FOUND_FALSE_BLOCK|PERSON_FALLBACK_BLOCKED_WEAK_PROJECT|CAPTION_MALFORMED_HEADLINE,Add a recovery path for valid TMDb assets once canonical extraction is reliable.|Improve fallback policy for feed images only when they are explicitly project-linked and renderable.|Validate caption headline entity against canonical media title and allowed entities.|Strip outlet package labels before deterministic caption generation.
