caseId,sourceName,articleTitle,articleUrl,canonicalEntity,entityType,eventType,publishBlocked,failureCodes,recommendedFixes
1da2cb9c4f8a6de3,Variety,‘The Boys’ Sets ‘Call of Duty: Mobile’ In-Game Collab Ahead of Final Season (Gaming News Roundup),https://variety.com/2026/gaming/news/gaming-news-roundup-april-6-1236709907/,The Boys' Sets,person,other,true,CAPTION_BROKEN_QUOTE|CAPTION_CANONICAL_ENTITY_MISMATCH|IMAGE_NOT_FOUND|IMAGE_NOT_FOUND_FALSE_BLOCK|PERSON_FALLBACK_NOT_ALLOWED,Add a recovery path for valid TMDb assets once canonical extraction is reliable.|Improve fallback policy for feed images only when they are explicitly project-linked and renderable.|Reject broken quote fragments before captions can pass final validation.|Validate caption headline entity against canonical media title and allowed entities.
232215d9d90ef12d,Variety,"ATX TV Festival to Present Inaugural Creative Impact Award to Warren Littlefield, Honor Bill Lawrence With Showrunner Award",https://variety.com/2026/tv/news/atx-tv-festival-warren-littlefield-bill-lawrence-awards-1236712895/,ATX TV Festival,person,return,true,CAPTION_BROKEN_QUOTE|IMAGE_NOT_FOUND|IMAGE_NOT_FOUND_FALSE_BLOCK|PERSON_FALLBACK_NOT_ALLOWED,Add a recovery path for valid TMDb assets once canonical extraction is reliable.|Improve fallback policy for feed images only when they are explicitly project-linked and renderable.|Reject broken quote fragments before captions can pass final validation.
61a3bf6ebd02d2f3,Variety,"‘Welcome to Wrexham’ Renewed for Three More Seasons at FX, Hulu",https://variety.com/2026/tv/news/welcome-to-wrexham-renewed-three-seasons-fx-hulu-1236713205/,Welcome to Wrexham,tv,renewal,false,,
d22d2ae64a21a00c,Variety,Natasha Lyonne Walks Red Carpet Hours After She Called Out Report About Being Kicked Off a Flight,https://variety.com/2026/film/news/natasha-lyonne-red-carpet-kicked-off-flight-euphoria-1236713253/,Natasha Lyonne Walks Red,person,release_date,true,IMAGE_CANONICAL_ENTITY_MISMATCH|IMAGE_TMBD_CANDIDATE_ZERO_TOKEN_OVERLAP,Add canonical token overlap gating before accepting TMDb title candidates.|Require selected images to be grounded in canonical allowed entities.
3199502759fb4871,Variety,YouTube Premium and YouTube Music Subscription Prices Are Going Up in the U.S.,https://variety.com/2026/digital/news/youtube-premium-pirce-increase-youtube-music-us-1236713223/,YouTube Premium,person,other,true,CAPTION_BROKEN_QUOTE|CAPTION_CANONICAL_ENTITY_MISMATCH|IMAGE_NOT_FOUND|IMAGE_NOT_FOUND_FALSE_BLOCK|PERSON_FALLBACK_NOT_ALLOWED,Add a recovery path for valid TMDb assets once canonical extraction is reliable.|Improve fallback policy for feed images only when they are explicitly project-linked and renderable.|Reject broken quote fragments before captions can pass final validation.|Validate caption headline entity against canonical media title and allowed entities.
67fe756b77514c1f,Variety,Jimmy Kimmel Airs Photo of Melania Trump and Jeffrey Epstein After First Lady Makes Public Address Denying Epstein Ties,https://variety.com/2026/tv/news/jimmy-kimmel-melania-trump-jeffrey-epstein-photo-1236713229/,never been friends with Epstein.,movie,other,true,CAPTION_CANONICAL_ENTITY_MISMATCH|IMAGE_NOT_FOUND|IMAGE_NOT_FOUND_FALSE_BLOCK|PROJECT_FALLBACK_EMPTY,Add a recovery path for valid TMDb assets once canonical extraction is reliable.|Improve fallback policy for feed images only when they are explicitly project-linked and renderable.|Validate caption headline entity against canonical media title and allowed entities.
ce1094037cff99a8,Variety,"‘All the Evil in the World’ Doc, About Murder of Leftist Italian Student in Egypt, Sparks Political Storm After Being Denied Government Funding",https://variety.com/2026/film/global/doc-murdered-italian-student-egypt-political-storm-1236713121/,All the Evil in the World,movie,other,true,CAPTION_BROKEN_QUOTE|CAPTION_CANONICAL_ENTITY_MISMATCH|IMAGE_NOT_FOUND|IMAGE_NOT_FOUND_FALSE_BLOCK|PROJECT_FALLBACK_EMPTY,Add a recovery path for valid TMDb assets once canonical extraction is reliable.|Improve fallback policy for feed images only when they are explicitly project-linked and renderable.|Reject broken quote fragments before captions can pass final validation.|Validate caption headline entity against canonical media title and allowed entities.
2aaa3db33aa96c6b,Variety,AI-Assisted Captain James Hook Feature in Works at Moonmax (EXCLUSIVE),https://variety.com/2026/film/global/ai-assisted-captain-james-hook-feature-moonmax-1236713197/,AI-Assisted Captain James Hook,person,other,true,IMAGE_TMBD_CANDIDATE_ZERO_TOKEN_OVERLAP,Add canonical token overlap gating before accepting TMDb title candidates.
e182e1868a119c38,Variety,Nike Ja 3 ‘Jurassic Park’ Sneakers: Here’s Where to Score the Signature Shoes Online,https://variety.com/2026/shopping/news/nike-ja-3-jurassic-park-raptor-sneakers-buy-online-1236710482/,Jurassic Park,tv,other,true,CAPTION_CANONICAL_ENTITY_MISMATCH|IMAGE_NOT_FOUND|IMAGE_NOT_FOUND_FALSE_BLOCK|PROJECT_FALLBACK_EMPTY,Add a recovery path for valid TMDb assets once canonical extraction is reliable.|Improve fallback policy for feed images only when they are explicitly project-linked and renderable.|Validate caption headline entity against canonical media title and allowed entities.
a02ac317b9490588,Variety,Alex MacCallum Elevated to CNN’s Chief Operating Officer,https://variety.com/2026/tv/news/alex-maccallum-cnn-chief-operating-officer-1236713191/,Alex MacCallum Elevated,person,other,true,CAPTION_CANONICAL_ENTITY_MISMATCH|IMAGE_NOT_FOUND|IMAGE_NOT_FOUND_FALSE_BLOCK|PERSON_FALLBACK_NOT_ALLOWED,Add a recovery path for valid TMDb assets once canonical extraction is reliable.|Improve fallback policy for feed images only when they are explicitly project-linked and renderable.|Validate caption headline entity against canonical media title and allowed entities.
9905d2c40d85b258,Deadline,Rob Mac & Ryan Reynolds’ ‘Welcome To Wrexham’ Renewed For 3 More Seasons By FX,https://deadline.com/2026/04/welcome-to-wrexham-renewed-3-seasons-fx-1236786277/,Welcome To Wrexham,tv,renewal,true,CAPTION_CANONICAL_ENTITY_MISMATCH,Validate caption headline entity against canonical media title and allowed entities.
ce054b8d6f428ff6,Deadline,Tyler Perry Joins ‘Joe Turner’s Come And Gone’ Broadway Producing Team,https://deadline.com/2026/04/tyler-perry-joe-turners-come-and-gone-broadway-1236785887/,Joe Turner,movie,casting,true,CAPTION_ARTICLE_PACKAGE_LABEL|CAPTION_HEADLINE_JUNK|CAPTION_CANONICAL_ENTITY_MISMATCH|IMAGE_NOT_FOUND|IMAGE_NOT_FOUND_FALSE_BLOCK|PROJECT_FALLBACK_EMPTY|CAPTION_PACKAGE_LABEL_LEAK|CAPTION_MALFORMED_HEADLINE,Add a recovery path for valid TMDb assets once canonical extraction is reliable.|Improve fallback policy for feed images only when they are explicitly project-linked and renderable.|Validate caption headline entity against canonical media title and allowed entities.|Strip outlet package labels before deterministic caption generation.
d5e16eac8e5c41e8,Deadline,Alex MacCallum Promoted To Chief Operating Officer At CNN,https://deadline.com/2026/04/alex-maccallum-cnn-chief-operating-officer-1236786388/,,person,other,true,CAPTION_CANONICAL_ENTITY_MISMATCH|IMAGE_NOT_FOUND|IMAGE_NOT_FOUND_SAFE_BLOCK|TMDB_TITLE_NOT_RESOLVED|ENTITY_NOT_RESOLVED|ENTITY_NOT_RESOLVED_SAFE_BLOCK,Tighten canonical entity extraction before image or caption generation.|Improve fallback policy for feed images only when they are explicitly project-linked and renderable.|Validate caption headline entity against canonical media title and allowed entities.
a4de743f022176be,Deadline,International Insider: Cannes Keeps Biz Guessing; Netflix Bets House On Argentina; ‘The Testaments’,https://deadline.com/2026/04/cannes-film-festival-the-testaments-international-insider-1236785655/,,person,other,true,IMAGE_NOT_FOUND|IMAGE_NOT_FOUND_FALSE_BLOCK|TMDB_TITLE_NOT_RESOLVED|ENTITY_NOT_RESOLVED|ENTITY_NOT_RESOLVED_SAFE_BLOCK,Tighten canonical entity extraction before image or caption generation.|Add a recovery path for valid TMDb assets once canonical extraction is reliable.|Improve fallback policy for feed images only when they are explicitly project-linked and renderable.
18229abda01dc3fb,Deadline,MK2 Boards Ground-Breaking Rwandan Cannes-Selected Film ‘Ben’Imana’,https://deadline.com/2026/04/mk2-cannes-rwanda-benimana-1236786375/,Boards Ground-Breaking Rwandan Cannes-Selected,person,casting,true,IMAGE_NOT_FOUND|IMAGE_NOT_FOUND_FALSE_BLOCK|PERSON_FALLBACK_NOT_ALLOWED,Add a recovery path for valid TMDb assets once canonical extraction is reliable.|Improve fallback policy for feed images only when they are explicitly project-linked and renderable.
aca6997e073b5662,Deadline,The Match Factory Boards Valeska Grisebach’s Cannes Title ‘The Dreamed Adventure’ — First Look,https://deadline.com/2026/04/the-match-factory-valeska-grisebach-the-dreamed-adventure-1236786379/,The Dreamed Adventure,movie,casting,false,,
9cd7b3886248876f,Deadline,BAFTA Apologizes “Unreservedly” To Black & Disabled Communities For Racial Slur Debacle After Review Finds “Number Of Structural Weaknesses” In Its Awards Planning,https://deadline.com/2026/04/bafta-apologizes-n-word-debacle-publishes-review-1236786350/,Unreservedly,movie,other,true,CAPTION_BROKEN_QUOTE|CAPTION_CANONICAL_ENTITY_MISMATCH|IMAGE_NOT_FOUND|IMAGE_NOT_FOUND_FALSE_BLOCK|PROJECT_FALLBACK_EMPTY,Add a recovery path for valid TMDb assets once canonical extraction is reliable.|Improve fallback policy for feed images only when they are explicitly project-linked and renderable.|Reject broken quote fragments before captions can pass final validation.|Validate caption headline entity against canonical media title and allowed entities.
53249f0f66ff5099,Deadline,"‘The Last Thing He Told Me’ Star Judy Greer Breaks Down Season 2 Finale Twists & “Refreshing” Role Of Quinn, Who “Doesn’t Crumble”",https://deadline.com/2026/04/judy-greer-the-last-thing-he-told-me-season-2-end-interview-1236786239/,The Last Thing He Told Me,tv,other,true,CAPTION_CANONICAL_ENTITY_MISMATCH|IMAGE_COMPANY_LOGO_MISUSED,Block company logos as primary images when a project or person entity exists.|Validate caption headline entity against canonical media title and allowed entities.
cff3fa2d15e278c2,Deadline,Finn Wolfhard Told ‘Malcolm in the Middle’ Creator “F*ck Yeah” To Revival Cameo: “He’s Such A Big Fan”,https://deadline.com/2026/04/finn-wolfhard-malcolm-in-the-middle-fck-yeah-revival-cameo-1236786293/,Finn Wolfhard Told,person,reveal,true,CAPTION_CANONICAL_ENTITY_MISMATCH|IMAGE_NOT_FOUND|IMAGE_NOT_FOUND_FALSE_BLOCK|PERSON_FALLBACK_NOT_ALLOWED,Add a recovery path for valid TMDb assets once canonical extraction is reliable.|Improve fallback policy for feed images only when they are explicitly project-linked and renderable.|Validate caption headline entity against canonical media title and allowed entities.
7bfdba3a831afdca,Deadline,"‘Malcolm in the Middle: Life’s Still Unfair’ Creator & EP Wife On Bryan Cranston’s “Constant Nudity,” Channeling “Parental Pressure” & Representing Their LGBTQ Kids: “Really Important To Us”",https://deadline.com/2026/04/malcolm-in-the-middle-creator-ep-wife-lgbtq-kids-1236786214/,Life's Still Unfair' Creator,person,return,true,IMAGE_NOT_FOUND|IMAGE_NOT_FOUND_FALSE_BLOCK|PERSON_FALLBACK_NOT_ALLOWED,Add a recovery path for valid TMDb assets once canonical extraction is reliable.|Improve fallback policy for feed images only when they are explicitly project-linked and renderable.
8a97c16bbc9cc4a5,Deadline,"‘Death Of A Salesman’ Broadway Review: Nathan Lane And Laurie Metcalf Shine In Director Joe Mantello’s Stark, Blistering Revival",https://deadline.com/2026/04/death-of-a-salesman-broadway-review-nathan-lane-1236784788/,Death Of A Salesman,movie,other,true,CAPTION_CANONICAL_ENTITY_MISMATCH,Validate caption headline entity against canonical media title and allowed entities.
31190c5fd08d4d63,Deadline,‘Malcolm in the Middle’s Bryan Cranston & Jane Kaczmarek On What Keeps Hal & Lois Together: “They Have Good Sex”,https://deadline.com/2026/04/malcolm-in-the-middle-bryan-cranston-jane-kaczmarek-good-sex-1236786200/,They Have Good Sex,tv,other,true,CAPTION_CANONICAL_ENTITY_MISMATCH|IMAGE_NOT_FOUND|IMAGE_NOT_FOUND_FALSE_BLOCK|PROJECT_FALLBACK_EMPTY,Add a recovery path for valid TMDb assets once canonical extraction is reliable.|Improve fallback policy for feed images only when they are explicitly project-linked and renderable.|Validate caption headline entity against canonical media title and allowed entities.
9f06698041983821,THR,Some NYU Film Students Will Now Be Given Tools to Make Movies With AI (Exclusive),https://www.hollywoodreporter.com/movies/movie-news/nyu-film-school-runway-ai-tools-spike-lee-1236560902/,Some NYU Film Students,person,other,true,IMAGE_NOT_FOUND|IMAGE_NOT_FOUND_FALSE_BLOCK|PERSON_FALLBACK_NOT_ALLOWED,Add a recovery path for valid TMDb assets once canonical extraction is reliable.|Improve fallback policy for feed images only when they are explicitly project-linked and renderable.
23083a8fa7347767,THR,‘Welcome to Wrexham’ Lands Big Three-Season Renewal at FX,https://www.hollywoodreporter.com/tv/tv-news/welcome-to-wrexham-renewed-through-season-8-fx-1236560957/,Wrexham' Lands Big Three-Season,person,other,true,CAPTION_CANONICAL_ENTITY_MISMATCH|IMAGE_TMBD_CANDIDATE_ZERO_TOKEN_OVERLAP,Add canonical token overlap gating before accepting TMDb title candidates.|Validate caption headline entity against canonical media title and allowed entities.
956d9e285eff1816,THR,"Why Zendaya and Tom Holland Won This Week, But ‘Harry Potter’ and ‘Dune’ Lost",https://www.hollywoodreporter.com/movies/movie-news/zendaya-tom-holland-harry-potter-dune-1236560114/,,person,other,true,CAPTION_BROKEN_QUOTE|CAPTION_CANONICAL_ENTITY_MISMATCH|IMAGE_NOT_FOUND|IMAGE_NOT_FOUND_FALSE_BLOCK|TMDB_TITLE_NOT_RESOLVED|ENTITY_NOT_RESOLVED|ENTITY_NOT_RESOLVED_SAFE_BLOCK,Tighten canonical entity extraction before image or caption generation.|Add a recovery path for valid TMDb assets once canonical extraction is reliable.|Improve fallback policy for feed images only when they are explicitly project-linked and renderable.|Reject broken quote fragments before captions can pass final validation.|Validate caption headline entity against canonical media title and allowed entities.
bfd88fcc920b1c7b,THR,Inside the Global Agency That Turns Stylists Into Stars,https://www.hollywoodreporter.com/lifestyle/lifestyle-news/global-agency-stylists-stars-1236556246/,Global Agency That Turns,person,other,true,IMAGE_NOT_FOUND|IMAGE_NOT_FOUND_FALSE_BLOCK|PERSON_FALLBACK_NOT_ALLOWED,Add a recovery path for valid TMDb assets once canonical extraction is reliable.|Improve fallback policy for feed images only when they are explicitly project-linked and renderable.
f9b68691d63ce7e8,THR,YouTube Premium Raises Prices For First Time Since 2023,https://www.hollywoodreporter.com/business/digital/youtube-hikes-prices-youtube-premium-music-1236561098/,YouTube Premium Raises Prices,person,other,true,IMAGE_NOT_FOUND|IMAGE_NOT_FOUND_FALSE_BLOCK|PERSON_FALLBACK_NOT_ALLOWED,Add a recovery path for valid TMDb assets once canonical extraction is reliable.|Improve fallback policy for feed images only when they are explicitly project-linked and renderable.
641d16ef2095364d,THR,Fox News Is Sending ‘Fox & Friends’ on an RV Road Trip (Exclusive),https://www.hollywoodreporter.com/tv/tv-news/fox-friends-rv-contest-road-trip-1236560157/,RV Road Trip,person,other,true,CAPTION_CANONICAL_ENTITY_MISMATCH|IMAGE_TMBD_CANDIDATE_ZERO_TOKEN_OVERLAP,Add canonical token overlap gating before accepting TMDb title candidates.|Validate caption headline entity against canonical media title and allowed entities.
67d0a950677383b0,THR,"BAFTA Film Awards Review of Tourette’s Fiasco Finds “Weaknesses” in Planning and Crisis Procedures, But No “Malicious Intent”",https://www.hollywoodreporter.com/movies/movie-news/bafta-awards-review-planning-crisis-john-davidson-lindo-bbc-1236561073/,Weaknesses,movie,casting,true,CAPTION_BROKEN_QUOTE,Reject broken quote fragments before captions can pass final validation.
1f56afbebefb6be8,THR,‘Thrash’ Review: Phoebe Dynevor Gives Birth in Floodwaters Teeming With Sharks in Preposterous but Enjoyable Netflix Pulp,https://www.hollywoodreporter.com/movies/movie-reviews/thrash-review-phoebe-dynevor-netflix-shark-thriller-1236556644/,Thrash,movie,other,true,CAPTION_CANONICAL_ENTITY_MISMATCH|IMAGE_COMPANY_LOGO_MISUSED,Block company logos as primary images when a project or person entity exists.|Validate caption headline entity against canonical media title and allowed entities.
8411a656c0ea533d,THR,"Where to Watch ‘Malcolm in the Middle: Life’s Still Unfair,’ Sequel to the 2000s Sitcom",https://www.hollywoodreporter.com/tv/tv-news/watch-malcolm-in-the-middle-lifes-still-unfair-free-online-1236560825/,Malcolm in the Middle,tv,other,false,,
8c8c32c0ef9a574a,THR,No Superheroes Needed: ‘The Devil Wears Prada 2’ to Kick Off Summer Box Office in High Style,https://www.hollywoodreporter.com/movies/movie-news/devil-wears-prada-2-summer-box-office-high-style-1236560947/,The Devil Wears Prada 2,movie,box_office,true,CAPTION_CANONICAL_ENTITY_MISMATCH,Validate caption headline entity against canonical media title and allowed entities.
1f46500e880a83a1,ScreenRant,Ryan Reynolds' Hit Hulu Series Officially Returning For 3 More Seasons,https://screenrant.com/welcome-to-wrexham-three-season-renewal-hulu-fx/,,person,return,true,IMAGE_NOT_FOUND|IMAGE_NOT_FOUND_FALSE_BLOCK|TMDB_TITLE_NOT_RESOLVED|ENTITY_NOT_RESOLVED|ENTITY_NOT_RESOLVED_SAFE_BLOCK,Tighten canonical entity extraction before image or caption generation.|Add a recovery path for valid TMDb assets once canonical extraction is reliable.|Improve fallback policy for feed images only when they are explicitly project-linked and renderable.
b0b05b7b06ad9b08,ScreenRant,Malcolm In The Middle: Life’s Still Unfair Season 2 Return Potential Addressed By Creator,https://screenrant.com/malcolm-in-the-middle-lifes-still-unfair-season-2-chances-linwood-boomer/,Malcolm In The Middle,person,return,true,IMAGE_LOGO_OVERUSE|IMAGE_COMPANY_LOGO_MISUSED,Block company logos as primary images when a project or person entity exists.
6c48a442af92797d,ScreenRant,Steam Offers New Highly-Anticipated RPG You Can Try Free Now,https://screenrant.com/steam-free-download-neverway-demo-april-2026/,Steam Offers New Highly-Anticipated,person,other,true,IMAGE_NOT_FOUND|IMAGE_NOT_FOUND_FALSE_BLOCK|PERSON_FALLBACK_NOT_ALLOWED,Add a recovery path for valid TMDb assets once canonical extraction is reliable.|Improve fallback policy for feed images only when they are explicitly project-linked and renderable.
d691301078e93f47,ScreenRant,A Video Game Of One Of 2026's Biggest Movies Is Officially On The Way,https://screenrant.com/project-hail-mary-video-game-vr/,Video Game Of One,person,box_office,true,CAPTION_CANONICAL_ENTITY_MISMATCH|IMAGE_NOT_FOUND|IMAGE_NOT_FOUND_FALSE_BLOCK|PERSON_FALLBACK_NOT_ALLOWED,Add a recovery path for valid TMDb assets once canonical extraction is reliable.|Improve fallback policy for feed images only when they are explicitly project-linked and renderable.|Validate caption headline entity against canonical media title and allowed entities.
a77fcd569cba1041,ScreenRant,Zelda: Ocarina Of Time Remake's Dead Hand Is Already Terrifying Gamers,https://screenrant.com/zelda-ocarina-of-time-fan-remake-dead-hand/,,person,other,true,CAPTION_CANONICAL_ENTITY_MISMATCH|IMAGE_NOT_FOUND|IMAGE_NOT_FOUND_FALSE_BLOCK|TMDB_TITLE_NOT_RESOLVED|ENTITY_NOT_RESOLVED|ENTITY_NOT_RESOLVED_SAFE_BLOCK,Tighten canonical entity extraction before image or caption generation.|Add a recovery path for valid TMDb assets once canonical extraction is reliable.|Improve fallback policy for feed images only when they are explicitly project-linked and renderable.|Validate caption headline entity against canonical media title and allowed entities.
96710c76923346f1,ScreenRant,"Absolute Green Arrow Creators Reveal Details of ""Serial Killer"" Reboot",https://screenrant.com/absolute-green-arrow-reboot-details-black-canary/,Absolute Green Arrow Creators,person,other,true,CAPTION_BROKEN_QUOTE|CAPTION_CANONICAL_ENTITY_MISMATCH|IMAGE_NOT_FOUND|IMAGE_NOT_FOUND_FALSE_BLOCK|PERSON_FALLBACK_NOT_ALLOWED,Add a recovery path for valid TMDb assets once canonical extraction is reliable.|Improve fallback policy for feed images only when they are explicitly project-linked and renderable.|Reject broken quote fragments before captions can pass final validation.|Validate caption headline entity against canonical media title and allowed entities.
528a4d7aff6b962f,ScreenRant,Top 10 Greatest Spider-Man Stories Starring The Sinister Six,https://screenrant.com/spider-man-best-sinister-six-stories-all-time/,s rogues,movie,other,true,CAPTION_CANONICAL_ENTITY_MISMATCH|IMAGE_NOT_FOUND|IMAGE_NOT_FOUND_FALSE_BLOCK|PROJECT_FALLBACK_EMPTY,Add a recovery path for valid TMDb assets once canonical extraction is reliable.|Improve fallback policy for feed images only when they are explicitly project-linked and renderable.|Validate caption headline entity against canonical media title and allowed entities.
848f48d0dc3fbee6,ScreenRant,10 Forgotten Fantasy TV Shows That Deserve A Second Chance,https://screenrant.com/near-perfect-fantasys-shows-no-one-remembers/,Forgotten Fantasy TV Shows,person,other,true,IMAGE_NOT_FOUND|IMAGE_NOT_FOUND_FALSE_BLOCK|PERSON_FALLBACK_NOT_ALLOWED,Add a recovery path for valid TMDb assets once canonical extraction is reliable.|Improve fallback policy for feed images only when they are explicitly project-linked and renderable.
74b270d025f00953,ScreenRant,This Classic Cartoon Network Show's Movie Finale Is Still Perfect Over 15 Years Later,https://screenrant.com/ed-edd-eddy-perfect-finale-movie/,This Classic Cartoon Network,person,other,true,IMAGE_CANONICAL_ENTITY_MISMATCH|IMAGE_TMBD_CANDIDATE_ZERO_TOKEN_OVERLAP,Add canonical token overlap gating before accepting TMDb title candidates.|Require selected images to be grounded in canonical allowed entities.
e97f5c15c4cbda8a,ScreenRant,Marvel's Wolverine Official Update Fuels Rumors Of PlayStation State Of Play Next Week,https://screenrant.com/marvels-wolverine-update-state-of-play-april-16/,Marvel's Wolverine Official Update,person,release_date,true,CAPTION_CANONICAL_ENTITY_MISMATCH|IMAGE_CANONICAL_ENTITY_MISMATCH|IMAGE_TMBD_CANDIDATE_ZERO_TOKEN_OVERLAP,Add canonical token overlap gating before accepting TMDb title candidates.|Require selected images to be grounded in canonical allowed entities.|Validate caption headline entity against canonical media title and allowed entities.
8881508eebba1cb4,ComicBook,Legendary Horror Series Confirms Streaming Debut After Years in Limbo,https://comicbook.com/tv-shows/news/legendary-horror-series-confirms-streaming-debut-after-years-in-limbo/,Legendary Horror Series Confirms,person,casting,true,IMAGE_CANONICAL_ENTITY_MISMATCH|IMAGE_TMBD_CANDIDATE_ZERO_TOKEN_OVERLAP,Add canonical token overlap gating before accepting TMDb title candidates.|Require selected images to be grounded in canonical allowed entities.
cc0c11026c13e169,ComicBook,Lightsabers Have Never Looked Better Than Star Wars’ New TV Show,https://comicbook.com/tv-shows/feature/lightsabers-have-never-looked-better-than-star-wars-new-tv-show/,"laser swords,",tv,casting,true,CAPTION_BROKEN_QUOTE|IMAGE_NOT_FOUND|IMAGE_NOT_FOUND_FALSE_BLOCK|PROJECT_FALLBACK_EMPTY,Add a recovery path for valid TMDb assets once canonical extraction is reliable.|Improve fallback policy for feed images only when they are explicitly project-linked and renderable.|Reject broken quote fragments before captions can pass final validation.
3d72153914e55278,ComicBook,"7 DC Weapons More Powerful Than Mjolnir, Ranked",https://comicbook.com/comics/list/7-dc-weapons-more-powerful-than-mjolnir-ranked/,DC Weapons More Powerful,person,casting,true,IMAGE_NOT_FOUND|IMAGE_NOT_FOUND_FALSE_BLOCK|PERSON_FALLBACK_NOT_ALLOWED,Add a recovery path for valid TMDb assets once canonical extraction is reliable.|Improve fallback policy for feed images only when they are explicitly project-linked and renderable.
f9b88c048ba6e395,ComicBook,5 Best Gaming Pirates Of All Time,https://comicbook.com/gaming/list/5-best-gaming-pirates-of-all-time/,civilized,tv,casting,true,CAPTION_ARTICLE_PACKAGE_LABEL|CAPTION_HEADLINE_JUNK|CAPTION_CANONICAL_ENTITY_MISMATCH|IMAGE_NOT_FOUND|IMAGE_NOT_FOUND_FALSE_BLOCK|PROJECT_FALLBACK_EMPTY|CAPTION_PACKAGE_LABEL_LEAK|CAPTION_MALFORMED_HEADLINE,Add a recovery path for valid TMDb assets once canonical extraction is reliable.|Improve fallback policy for feed images only when they are explicitly project-linked and renderable.|Validate caption headline entity against canonical media title and allowed entities.|Strip outlet package labels before deterministic caption generation.
1aac7b92a66861a5,ComicBook,"4 Years Later, DC Comics Revives Its Coolest Superman Idea (With a Twist)",https://comicbook.com/comics/feature/4-years-later-dc-comics-revives-its-coolest-superman-idea-with-a-twist/,Reign of the Superboys,movie,other,true,CAPTION_CANONICAL_ENTITY_MISMATCH|IMAGE_NOT_FOUND|IMAGE_NOT_FOUND_FALSE_BLOCK|PROJECT_FALLBACK_EMPTY,Add a recovery path for valid TMDb assets once canonical extraction is reliable.|Improve fallback policy for feed images only when they are explicitly project-linked and renderable.|Validate caption headline entity against canonical media title and allowed entities.
4dc730c38ef9d1b5,ComicBook,Popular Life Sim Suddenly Removed from Steam Amid Copyright Controversy,https://comicbook.com/gaming/news/popular-life-sim-starsand-islanad-suddenly-removed-from-steam-amid-copyright-controversy/,Shining Star,movie,casting,true,IMAGE_NOT_FOUND|IMAGE_NOT_FOUND_FALSE_BLOCK|PROJECT_FALLBACK_EMPTY,Add a recovery path for valid TMDb assets once canonical extraction is reliable.|Improve fallback policy for feed images only when they are explicitly project-linked and renderable.
1b620b203b7ba988,ComicBook,"10 Best Alternate X-Men Costumes From Age of Apocalypse, Ranked",https://comicbook.com/comics/list/10-best-alternate-x-men-costumes-from-age-of-apocalypse-ranked/,"90s X-Men, and a big reason for that is the undisputed classic",tv,casting,true,IMAGE_NOT_FOUND|IMAGE_NOT_FOUND_FALSE_BLOCK|PROJECT_FALLBACK_EMPTY,Add a recovery path for valid TMDb assets once canonical extraction is reliable.|Improve fallback policy for feed images only when they are explicitly project-linked and renderable.
19c7f84ac400b75a,ComicBook,5 Criminally Cancelled Sci-Fi Shows We’ll Never Get Over,https://comicbook.com/tv-shows/list/5-criminally-cancelled-sci-fi-shows-well-never-get-over/,ll Never Get Over 5 Criminally Cancelled Sci-Fi Shows We,tv,casting,true,CAPTION_ARTICLE_PACKAGE_LABEL|CAPTION_HEADLINE_JUNK|IMAGE_NOT_FOUND|IMAGE_NOT_FOUND_FALSE_BLOCK|PROJECT_FALLBACK_EMPTY|CAPTION_PACKAGE_LABEL_LEAK|CAPTION_MALFORMED_HEADLINE,Add a recovery path for valid TMDb assets once canonical extraction is reliable.|Improve fallback policy for feed images only when they are explicitly project-linked and renderable.|Strip outlet package labels before deterministic caption generation.
17c4019e1a6d5dbf,ComicBook,Follow-Up to 2026’s Cult-Hit Horror Confirmed (& It’s What Fans Want),https://comicbook.com/movies/news/follow-up-to-2026s-cult-hit-horror-confirmed-its-what-fans-want/,Tuason told Phantasmag .,tv,casting,true,IMAGE_NOT_FOUND|IMAGE_NOT_FOUND_FALSE_BLOCK|PROJECT_FALLBACK_EMPTY,Add a recovery path for valid TMDb assets once canonical extraction is reliable.|Improve fallback policy for feed images only when they are explicitly project-linked and renderable.
f694fd9784a2f57d,ComicBook,Blumhouse’s Grave Seasons Is the Murder Mystery Farming Sim That Could Be 2026’s GOTY Darkhorse,https://comicbook.com/gaming/feature/grave-seasons-preview-blumhouse-games/,horror farming sim,tv,trailer,true,CAPTION_BROKEN_QUOTE|CAPTION_CANONICAL_ENTITY_MISMATCH|IMAGE_NOT_FOUND|IMAGE_NOT_FOUND_FALSE_BLOCK|PROJECT_FALLBACK_EMPTY,Add a recovery path for valid TMDb assets once canonical extraction is reliable.|Improve fallback policy for feed images only when they are explicitly project-linked and renderable.|Reject broken quote fragments before captions can pass final validation.|Validate caption headline entity against canonical media title and allowed entities.
139de13c688079a3,ComicBook,Missing Frieren’s Journey? This Spring 2026 Anime Brings the Magic Back,https://comicbook.com/anime/feature/missing-frierens-journey-this-spring-2026-anime-brings-the-magic-back/,Missing Frieren's Journey,person,casting,true,IMAGE_NOT_FOUND|IMAGE_NOT_FOUND_FALSE_BLOCK|PERSON_FALLBACK_NOT_ALLOWED,Add a recovery path for valid TMDb assets once canonical extraction is reliable.|Improve fallback policy for feed images only when they are explicitly project-linked and renderable.
6b96608bc57feb69,ComicBook,"Nintendo Game Boy Game Officially Returns Next Week, 35 Years Later",https://comicbook.com/gaming/news/nintendo-game-boy-new-release-2026/,Nintendo Game Boy Game,person,casting,true,IMAGE_CANONICAL_ENTITY_MISMATCH|IMAGE_TMBD_CANDIDATE_ZERO_TOKEN_OVERLAP,Add canonical token overlap gating before accepting TMDb title candidates.|Require selected images to be grounded in canonical allowed entities.
34aaf0c59333069b,ComicBook,Cult Classic 1980s Comedy Movie Is Finally Getting a Sequel With a Major Hollywood Star,https://comicbook.com/movies/news/cult-classic-1980s-comedy-movie-is-finally-getting-a-sequel-with-a-major-hollywood-star/,"nothing,",tv,casting,true,IMAGE_NOT_FOUND|IMAGE_NOT_FOUND_FALSE_BLOCK|PROJECT_FALLBACK_EMPTY,Add a recovery path for valid TMDb assets once canonical extraction is reliable.|Improve fallback policy for feed images only when they are explicitly project-linked and renderable.
9e3250ede6969d2e,ComicBook,Thrash Stars Reveal What Makes Netflix’s New Shark Movie Different From B Movies Like Sharknado (Exclusive),https://comicbook.com/movies/news/thrash-stars-reveal-what-makes-netflixs-new-shark-movie-different-from-b-movies-like-sharknado-exclusive/,New Shark,movie,casting,true,CAPTION_ARTICLE_PACKAGE_LABEL|CAPTION_HEADLINE_JUNK|IMAGE_NOT_FOUND|IMAGE_NOT_FOUND_FALSE_BLOCK|PROJECT_FALLBACK_EMPTY|CAPTION_PACKAGE_LABEL_LEAK|CAPTION_MALFORMED_HEADLINE,Add a recovery path for valid TMDb assets once canonical extraction is reliable.|Improve fallback policy for feed images only when they are explicitly project-linked and renderable.|Strip outlet package labels before deterministic caption generation.
151ba0b178ecbef3,ComicBook,Wednesday Season 3 Gets More Exciting Thanks to A Game of Thrones Icon,https://comicbook.com/tv-shows/news/wednesday-season-3-gets-more-exciting-thanks-to-a-game-of-thrones-icon/,,person,casting,true,IMAGE_NOT_FOUND|IMAGE_NOT_FOUND_FALSE_BLOCK|TMDB_TITLE_NOT_RESOLVED|ENTITY_NOT_RESOLVED|ENTITY_NOT_RESOLVED_SAFE_BLOCK,Tighten canonical entity extraction before image or caption generation.|Add a recovery path for valid TMDb assets once canonical extraction is reliable.|Improve fallback policy for feed images only when they are explicitly project-linked and renderable.
01c383222e545c32,ComicBook,Chris Evans’ Forgotten Superhero Movie is Free to Stream This Month,https://comicbook.com/movies/news/chris-evans-forgotten-superhero-movie-is-free-to-stream-this-month/,Forgotten Superhero Movie is Free to Stream This Month Chris Evans,tv,casting,true,CAPTION_ARTICLE_PACKAGE_LABEL|CAPTION_HEADLINE_JUNK|IMAGE_NOT_FOUND|IMAGE_NOT_FOUND_FALSE_BLOCK|PROJECT_FALLBACK_EMPTY|CAPTION_PACKAGE_LABEL_LEAK|CAPTION_MALFORMED_HEADLINE,Add a recovery path for valid TMDb assets once canonical extraction is reliable.|Improve fallback policy for feed images only when they are explicitly project-linked and renderable.|Strip outlet package labels before deterministic caption generation.
8e04df7e2e58aeb8,ComicBook,Frieren: Beyond Journey’s End Gets a New Release After Season 2 Finale,https://comicbook.com/anime/news/frieren-beyond-journeys-end-gets-a-new-release-after-season-2-finale/,Beyond Journey's End Gets,person,casting,true,IMAGE_NOT_FOUND|IMAGE_NOT_FOUND_FALSE_BLOCK|PERSON_FALLBACK_NOT_ALLOWED,Add a recovery path for valid TMDb assets once canonical extraction is reliable.|Improve fallback policy for feed images only when they are explicitly project-linked and renderable.
5d5323a9bcb7dec4,ComicBook,A Harry Potter Star’s Lowest Rated Movie Just Became Free to Stream,https://comicbook.com/movies/news/a-harry-potter-stars-lowest-rated-movie-just-became-free-to-stream/,s Lowest Rated Movie Just Became Free to Stream A Harry Potter Star,movie,casting,true,CAPTION_ARTICLE_PACKAGE_LABEL|CAPTION_HEADLINE_JUNK|IMAGE_NOT_FOUND|IMAGE_NOT_FOUND_FALSE_BLOCK|PROJECT_FALLBACK_EMPTY|CAPTION_PACKAGE_LABEL_LEAK|CAPTION_MALFORMED_HEADLINE,Add a recovery path for valid TMDb assets once canonical extraction is reliable.|Improve fallback policy for feed images only when they are explicitly project-linked and renderable.|Strip outlet package labels before deterministic caption generation.
c6b2da483c1b9ec6,ComicBook,5 Best Comic Books Based on Video Games (And #1 Isn’t Isn’t Injustice),https://comicbook.com/comics/list/5-best-comic-books-based-on-video-games-and-1-isnt-isnt-injustice/,Best Comic Books Based,person,casting,true,IMAGE_NOT_FOUND|IMAGE_NOT_FOUND_FALSE_BLOCK|PERSON_FALLBACK_NOT_ALLOWED,Add a recovery path for valid TMDb assets once canonical extraction is reliable.|Improve fallback policy for feed images only when they are explicitly project-linked and renderable.
c061ea44d6b360cc,ComicBook,7 Underrated Books Every Fantasy Fan Should Read (And #2 Still Needs a Proper TV Adaptation),https://comicbook.com/tv-shows/list/7-underrated-books-every-fantasy-fan-should-read-and-2-still-needs-a-proper-tv-adaptation/,,person,casting,true,IMAGE_NOT_FOUND|IMAGE_NOT_FOUND_FALSE_BLOCK|TMDB_TITLE_NOT_RESOLVED|ENTITY_NOT_RESOLVED|ENTITY_NOT_RESOLVED_SAFE_BLOCK,Tighten canonical entity extraction before image or caption generation.|Add a recovery path for valid TMDb assets once canonical extraction is reliable.|Improve fallback policy for feed images only when they are explicitly project-linked and renderable.
6c55d795a689cf27,ComicBook,"Beast’s 7 Greatest Looks in X-Men History, Ranked",https://comicbook.com/comics/list/beasts-7-greatest-looks-in-x-men-history-ranked/,Hank,tv,casting,true,IMAGE_TMBD_CANDIDATE_ZERO_TOKEN_OVERLAP,Add canonical token overlap gating before accepting TMDb title candidates.
e9778529a5430c83,ComicBook,God-Tier Cosmic Marvel Character Spotted in Daredevil: Born Again,https://comicbook.com/tv-shows/news/god-tier-cosmic-marvel-character-spotted-in-daredevil-born-again/,appearance,tv,casting,true,IMAGE_TMBD_CANDIDATE_ZERO_TOKEN_OVERLAP|IMAGE_COMPANY_LOGO_MISUSED,Add canonical token overlap gating before accepting TMDb title candidates.|Block company logos as primary images when a project or person entity exists.
fb0a44db3d978b3c,ComicBook,An Exciting New Terminator 2 Game Is On The Way (And It’s Co-Op),https://comicbook.com/gaming/news/an-exciting-new-terminator-2-game-is-on-the-way-and-its-co-op/,An Exciting New Terminator,person,casting,true,IMAGE_NOT_FOUND|IMAGE_NOT_FOUND_FALSE_BLOCK|PERSON_FALLBACK_NOT_ALLOWED,Add a recovery path for valid TMDb assets once canonical extraction is reliable.|Improve fallback policy for feed images only when they are explicitly project-linked and renderable.
06afc0071f459cad,ComicBook,7 Anime With The Biggest Plot Twists,https://comicbook.com/anime/list/7-anime-with-the-biggest-plot-twists/,Anime With The Biggest,person,casting,true,IMAGE_NOT_FOUND|IMAGE_NOT_FOUND_FALSE_BLOCK|PERSON_FALLBACK_NOT_ALLOWED,Add a recovery path for valid TMDb assets once canonical extraction is reliable.|Improve fallback policy for feed images only when they are explicitly project-linked and renderable.
ad3c5952561f0130,ComicBook,First Look at the Harry Potter Reboot’s Most Important Missing Movie Character Revealed (& It Changes The Books Again),https://comicbook.com/tv-shows/news/first-look-at-the-harry-potter-reboots-most-important-missing-movie-character-revealed-it-changes-the-books-again/,First Look,person,casting,true,IMAGE_CANONICAL_ENTITY_MISMATCH|IMAGE_TMBD_CANDIDATE_ZERO_TOKEN_OVERLAP,Add canonical token overlap gating before accepting TMDb title candidates.|Require selected images to be grounded in canonical allowed entities.
1172f76e55985543,Collider,'The Drops of God' Review: Crunchyroll's Most Unique Anime Could Become the Streamer's Next Sleeper Hit,https://collider.com/drops-of-god-review-anime-crunchyroll/,The Drops,person,renewal,true,CAPTION_CANONICAL_ENTITY_MISMATCH,Validate caption headline entity against canonical media title and allowed entities.
5c0fc5dfa8e16891,Collider,"Barbie Ferreira on Leaving 'Euphoria': ""I Wasn't Showing My Potential As an Actress""",https://collider.com/barbie-ferreira-leaving-euphoria-faces-of-death/,Euphoria,tv,release_date,true,CAPTION_CANONICAL_ENTITY_MISMATCH,Validate caption headline entity against canonical media title and allowed entities.
5c9be459268895e5,Collider,"Test Your Knowledge With the Collider TV Quiz — April 10, 2026",https://collider.com/tv-quiz-apr-10-2026-atlanta-fx/,,other,other,true,CAPTION_UNRESOLVED_TITLE|IMAGE_NOT_FOUND|IMAGE_NOT_FOUND_FALSE_BLOCK|TMDB_TITLE_NOT_RESOLVED|ENTITY_NOT_RESOLVED|ENTITY_NOT_RESOLVED_SAFE_BLOCK,Tighten canonical entity extraction before image or caption generation.|Add a recovery path for valid TMDb assets once canonical extraction is reliable.|Improve fallback policy for feed images only when they are explicitly project-linked and renderable.
a1369c754c61ebf7,Collider,"Test Your Knowledge With the Collider Movie Quiz — April 10, 2026",https://collider.com/movie-quiz-apr-10-2026-hot-shots-airplane-spoofs/,,other,other,true,CAPTION_UNRESOLVED_TITLE|IMAGE_NOT_FOUND|IMAGE_NOT_FOUND_FALSE_BLOCK|TMDB_TITLE_NOT_RESOLVED|ENTITY_NOT_RESOLVED|ENTITY_NOT_RESOLVED_SAFE_BLOCK,Tighten canonical entity extraction before image or caption generation.|Add a recovery path for valid TMDb assets once canonical extraction is reliable.|Improve fallback policy for feed images only when they are explicitly project-linked and renderable.
246e3ab05c27a149,Collider,Anya Taylor-Joy’s Most Universally Loved Movie Is Now on Prime Video,https://collider.com/best-prime-video-movies-watch-weekend-april-10/,"s Billy Butcher, Jack Quaid",tv,release_date,true,CAPTION_CANONICAL_ENTITY_MISMATCH|IMAGE_NOT_FOUND|IMAGE_NOT_FOUND_FALSE_BLOCK|PROJECT_FALLBACK_EMPTY,Add a recovery path for valid TMDb assets once canonical extraction is reliable.|Improve fallback policy for feed images only when they are explicitly project-linked and renderable.|Validate caption headline entity against canonical media title and allowed entities.
59167da8e858e8b3,Collider,Disney+'s New Sci-Fi Crime Series Dominates Global Streaming Charts in Just 1 Week,https://collider.com/star-wars-maul-shadow-lord-sci-fi-crime-series-streaming-success-disney-plus-april-2026/,New Sci-Fi Crime Series,person,other,true,IMAGE_CANONICAL_ENTITY_MISMATCH|IMAGE_TMBD_CANDIDATE_ZERO_TOKEN_OVERLAP,Add canonical token overlap gating before accepting TMDb title candidates.|Require selected images to be grounded in canonical allowed entities.
7f574878e0288aa1,Collider,10 Crime Movies That Are Perfectly Written,https://collider.com/crime-movies-perfectly-written/,,person,other,true,CAPTION_CANONICAL_ENTITY_MISMATCH|IMAGE_NOT_FOUND|IMAGE_NOT_FOUND_FALSE_BLOCK|TMDB_TITLE_NOT_RESOLVED|ENTITY_NOT_RESOLVED|ENTITY_NOT_RESOLVED_SAFE_BLOCK,Tighten canonical entity extraction before image or caption generation.|Add a recovery path for valid TMDb assets once canonical extraction is reliable.|Improve fallback policy for feed images only when they are explicitly project-linked and renderable.|Validate caption headline entity against canonical media title and allowed entities.
93a3696e2de791fd,Collider,"24 Years Later, the Best Sci-Fi Western of All Time Is Taking Over the World",https://collider.com/firefly-greatest-sci-fi-western-streaming-success-itunes-april-2026/,Years Later,person,cancellation,true,CAPTION_CANONICAL_ENTITY_MISMATCH|IMAGE_TMBD_CANDIDATE_ZERO_TOKEN_OVERLAP,Add canonical token overlap gating before accepting TMDb title candidates.|Validate caption headline entity against canonical media title and allowed entities.
f5b67e6c4cb5f0ab,Collider,Netflix Is About to Lose the Greatest Spy Thriller Series of All Time,https://collider.com/netflix-losing-james-bond-movies-april-007-streaming/,,person,other,true,CAPTION_CANONICAL_ENTITY_MISMATCH|IMAGE_NOT_FOUND|IMAGE_NOT_FOUND_FALSE_BLOCK|TMDB_TITLE_NOT_RESOLVED|ENTITY_NOT_RESOLVED|ENTITY_NOT_RESOLVED_SAFE_BLOCK,Tighten canonical entity extraction before image or caption generation.|Add a recovery path for valid TMDb assets once canonical extraction is reliable.|Improve fallback policy for feed images only when they are explicitly project-linked and renderable.|Validate caption headline entity against canonical media title and allowed entities.
b131eaabb45cd39d,Collider,10 Classic Movies That Are Still Masterpieces Today,https://collider.com/classic-movies-still-masterpieces-today/,,person,other,true,CAPTION_CANONICAL_ENTITY_MISMATCH|IMAGE_NOT_FOUND|IMAGE_NOT_FOUND_FALSE_BLOCK|TMDB_TITLE_NOT_RESOLVED|ENTITY_NOT_RESOLVED|ENTITY_NOT_RESOLVED_SAFE_BLOCK,Tighten canonical entity extraction before image or caption generation.|Add a recovery path for valid TMDb assets once canonical extraction is reliable.|Improve fallback policy for feed images only when they are explicitly project-linked and renderable.|Validate caption headline entity against canonical media title and allowed entities.
15e06d17984d591b,IndieWire,‘Malcolm in the Middle: Life’s Still Unfair’ Is the Rare Revival That Provides Something New,https://www.indiewire.com/criticism/shows/malcolm-in-the-middle-reboot-review-lifes-still-unfair-1235188196/,,person,other,true,IMAGE_NOT_FOUND|IMAGE_NOT_FOUND_FALSE_BLOCK|TMDB_TITLE_NOT_RESOLVED|ENTITY_NOT_RESOLVED|ENTITY_NOT_RESOLVED_SAFE_BLOCK,Tighten canonical entity extraction before image or caption generation.|Add a recovery path for valid TMDb assets once canonical extraction is reliable.|Improve fallback policy for feed images only when they are explicitly project-linked and renderable.
d10be6989602d529,IndieWire,The WGA’s Tentative Deal Gets Writers a Big Boost with Healthcare — and Sets the Tone for the Other Guilds,https://www.indiewire.com/news/analysis/wga-tentative-deal-means-writers-other-guilds-analysis-1235188279/,The WGA's Tentative Deal,person,other,true,CAPTION_CANONICAL_ENTITY_MISMATCH|IMAGE_NOT_FOUND|IMAGE_NOT_FOUND_FALSE_BLOCK|PERSON_FALLBACK_NOT_ALLOWED,Add a recovery path for valid TMDb assets once canonical extraction is reliable.|Improve fallback policy for feed images only when they are explicitly project-linked and renderable.|Validate caption headline entity against canonical media title and allowed entities.
297f1c2cee35f3b5,IndieWire,‘Thrash’ Review: Netflix’s Wild Shark Disaster Movie Is Dumb Fun Done Right,https://www.indiewire.com/criticism/movies/thrash-review-netflix-shark-disaster-movie-1235188008/,Thrash,movie,other,true,CAPTION_CANONICAL_ENTITY_MISMATCH,Validate caption headline entity against canonical media title and allowed entities.
2b0494836b3b959f,IndieWire,"‘The Pitt’ Production Team Tracks Every Sock, Every Empty Drawer, and It’s Why the Show Feels So Real",https://www.indiewire.com/features/craft/the-pitt-season-2-production-design-interview-1235187974/,The Pitt,tv,other,true,CAPTION_BROKEN_QUOTE|CAPTION_CANONICAL_ENTITY_MISMATCH,Reject broken quote fragments before captions can pass final validation.|Validate caption headline entity against canonical media title and allowed entities.
9f26af62de1c3444,IndieWire,‘Bunnylovr’ Review: It’s Hard Out Here for an Alienated Camgirl,https://www.indiewire.com/criticism/movies/bunnylovr-review-katarina-zhu-1235088356/,Bunnylovr,movie,release_date,true,CAPTION_CANONICAL_ENTITY_MISMATCH,Validate caption headline entity against canonical media title and allowed entities.
e10a13b8fba25f06,IndieWire,Veteran Screenwriter Ed Solomon Relearned All the Rules for Steven Soderbergh’s Two-Hander ‘The Christophers’,https://www.indiewire.com/features/interviews/the-christophers-movie-screenwriter-interview-1235187637/,The Christophers,movie,interview_quote,false,,
d4c0c90b60f36b4a,IndieWire,Sundance Heads South: Festival Announces Lineup for Third CDMX Edition in Mexico,https://www.indiewire.com/news/festivals/sundance-film-festival-cdmx-2026-lineup-1235188101/,Sundance Heads South,person,return,true,IMAGE_NOT_FOUND|IMAGE_NOT_FOUND_FALSE_BLOCK|PERSON_FALLBACK_NOT_ALLOWED,Add a recovery path for valid TMDb assets once canonical extraction is reliable.|Improve fallback policy for feed images only when they are explicitly project-linked and renderable.
0a9b71d298d1b870,IndieWire,The Final Season of ‘Hacks’ Goes Out on Its Own Terms in a Fantastically Funny Farewell,https://www.indiewire.com/criticism/shows/hacks-season-5-review-final-season-hbo-max-1235187473/,Hacks,tv,other,true,CAPTION_CANONICAL_ENTITY_MISMATCH,Validate caption headline entity against canonical media title and allowed entities.
5fedda60eb16f9ca,IndieWire,Christopher Abbott Has Been Hollywood’s Best-Kept Secret for Over a Decade,https://www.indiewire.com/features/interviews/christopher-abbott-interview-death-of-a-salesman-1235188226/,Death of a Salesman,movie,other,true,CAPTION_BROKEN_QUOTE|CAPTION_CANONICAL_ENTITY_MISMATCH,Reject broken quote fragments before captions can pass final validation.|Validate caption headline entity against canonical media title and allowed entities.
99605e39bf5f2abd,IndieWire,‘Outcome’ Review: Keanu Reeves Is a Troubled Movie Star in Jonah Hill’s Desperate and Unfunny Comedy About the Pain of Public Opinion,https://www.indiewire.com/criticism/movies/outcome-movie-review-keanu-reeves-jonah-hill-apple-tv-1235188183/,Outcome' Revi,person,other,true,CAPTION_CANONICAL_ENTITY_MISMATCH|IMAGE_NOT_FOUND|IMAGE_NOT_FOUND_FALSE_BLOCK|PERSON_FALLBACK_NOT_ALLOWED,Add a recovery path for valid TMDb assets once canonical extraction is reliable.|Improve fallback policy for feed images only when they are explicitly project-linked and renderable.|Validate caption headline entity against canonical media title and allowed entities.
2837dfd6a1d71070,IndieWire,"Lower East Side Film Festival Will Celebrate 25 Years of ‘Ghost World,’ and Much More",https://www.indiewire.com/news/festivals/lower-east-side-film-festival-2026-lineup-1235188162/,"Ghost World,",movie,return,false,,
8530942704f75bb5,IndieWire,‘Ray Gunn’ First Look: Sam Rockwell and Scarlett Johannson Star in Brad Bird’s Long-Awaited Sci-Fi Noir,https://www.indiewire.com/news/breaking-news/ray-gunn-first-look-brad-bird-1235188090/,Ray Gunn' First Look,person,release_date,true,CAPTION_ARTICLE_PACKAGE_LABEL|CAPTION_CANONICAL_ENTITY_MISMATCH|IMAGE_TMBD_CANDIDATE_ZERO_TOKEN_OVERLAP|CAPTION_PACKAGE_LABEL_LEAK,Add canonical token overlap gating before accepting TMDb title candidates.|Validate caption headline entity against canonical media title and allowed entities.|Strip outlet package labels before deterministic caption generation.
e7285ac0ee0affc1,TVLine,Every Orville Character Played By The Cast Of Seth McFarlane's Ted,https://www.tvline.com/2142565/the-orville-characters-played-by-seth-mcfarlane-ted-cast/,Every Orville Character Played,person,casting,true,IMAGE_NOT_FOUND|IMAGE_NOT_FOUND_FALSE_BLOCK|PERSON_FALLBACK_NOT_ALLOWED,Add a recovery path for valid TMDb assets once canonical extraction is reliable.|Improve fallback policy for feed images only when they are explicitly project-linked and renderable.
9b99aa56c4325569,TVLine,Outlander Confirms That [Spoiler] Survived Against All Odds — Read Episode 6 Recap,https://www.tvline.com/2144615/outlander-season-8-episode-6-recap-blessed-are-the-merciful/,,person,other,true,CAPTION_CANONICAL_ENTITY_MISMATCH|IMAGE_TMBD_CANDIDATE_ZERO_TOKEN_OVERLAP|ENTITY_NOT_RESOLVED|ENTITY_NOT_RESOLVED_SAFE_BLOCK,Tighten canonical entity extraction before image or caption generation.|Add canonical token overlap gating before accepting TMDb title candidates.|Validate caption headline entity against canonical media title and allowed entities.
f0b437bb0a80a6c1,TVLine,"What To Watch Friday: Malcolm In The Middle Revival, Laguna Beach And Jury Duty Reunions, And More",https://www.tvline.com/2143541/what-to-watch-april-10-2026-tv-shows-movies/,,person,return,true,IMAGE_NOT_FOUND|IMAGE_NOT_FOUND_FALSE_BLOCK|TMDB_TITLE_NOT_RESOLVED|ENTITY_NOT_RESOLVED|ENTITY_NOT_RESOLVED_SAFE_BLOCK,Tighten canonical entity extraction before image or caption generation.|Add a recovery path for valid TMDb assets once canonical extraction is reliable.|Improve fallback policy for feed images only when they are explicitly project-linked and renderable.
069283a8feb05d4b,TVLine,"The Pitt Boss Breaks Down Season 2, Episode 14: Robby's Reality Check, Langdon's Risky Save, And Al-Hashimi's Big Reveal",https://www.tvline.com/2143912/the-pitt-season-2-episode-14-dr-baran-al-hashimi-seizures-medical-diagnosis-explained/,The Pitt Boss Breaks,person,other,true,CAPTION_CANONICAL_ENTITY_MISMATCH|IMAGE_NOT_FOUND|IMAGE_NOT_FOUND_FALSE_BLOCK|PERSON_FALLBACK_NOT_ALLOWED,Add a recovery path for valid TMDb assets once canonical extraction is reliable.|Improve fallback policy for feed images only when they are explicitly project-linked and renderable.|Validate caption headline entity against canonical media title and allowed entities.
5ff204e00eac9a8c,TVLine,Hacks Season 5 Premiere: A Gutsy Ploy Sets The Stage For Deborah's Final Chapter (Grade It!),https://www.tvline.com/2144406/hacks-season-5-premiere-recap-deborah-egot-madison-square-garden/,Hacks Season,person,release_date,true,CAPTION_CANONICAL_ENTITY_MISMATCH|IMAGE_NOT_FOUND|IMAGE_NOT_FOUND_FALSE_BLOCK|PERSON_FALLBACK_NOT_ALLOWED,Add a recovery path for valid TMDb assets once canonical extraction is reliable.|Improve fallback policy for feed images only when they are explicitly project-linked and renderable.|Validate caption headline entity against canonical media title and allowed entities.
fcacd670bb3808c4,TVLine,Annie Potts' Meemaw Is Scheming Again Upon Her Return To Georgie & Mandy — And She's Not The Only Young Sheldon Vet Back,https://www.tvline.com/2138497/georgie-and-mandys-first-marriage-season-2-episode-15-recap-meemaw-returns/,,person,return,true,IMAGE_NOT_FOUND|IMAGE_NOT_FOUND_FALSE_BLOCK|TMDB_TITLE_NOT_RESOLVED|ENTITY_NOT_RESOLVED|ENTITY_NOT_RESOLVED_SAFE_BLOCK,Tighten canonical entity extraction before image or caption generation.|Add a recovery path for valid TMDb assets once canonical extraction is reliable.|Improve fallback policy for feed images only when they are explicitly project-linked and renderable.
53158c6e7c9a1060,TVLine,"CBS Orders Vampire Comedy Eternally Yours To Series, Scraps Kate Walsh's The Tillbrooks",https://www.tvline.com/2144471/eternally-yours-cbs-series-order-vampire-comedy/,Eternally Yours To Series,person,other,true,CAPTION_CANONICAL_ENTITY_MISMATCH|IMAGE_NOT_FOUND|IMAGE_NOT_FOUND_FALSE_BLOCK|PERSON_FALLBACK_NOT_ALLOWED,Add a recovery path for valid TMDb assets once canonical extraction is reliable.|Improve fallback policy for feed images only when they are explicitly project-linked and renderable.|Validate caption headline entity against canonical media title and allowed entities.
9af0d43e357a958c,TVLine,"Ratings: One Piece Hits New High In Season 2, Virgin River Returns Strong",https://www.tvline.com/2144451/streaming-tv-ratings-one-piece-netflix-season-2-virgin-river/,One Piece Hits N,person,return,true,IMAGE_CANONICAL_ENTITY_MISMATCH|IMAGE_TMBD_CANDIDATE_ZERO_TOKEN_OVERLAP,Add canonical token overlap gating before accepting TMDb title candidates.|Require selected images to be grounded in canonical allowed entities.
ac869ce87a057ae9,TVLine,Halle Berry Starred In A Forgotten Who's The Boss? Spin-Off For ABC,https://www.tvline.com/2142186/halle-berry-star-forgotten-whos-the-boss-spinoff-living-dolls/,,person,casting,true,IMAGE_NOT_FOUND|IMAGE_NOT_FOUND_FALSE_BLOCK|TMDB_TITLE_NOT_RESOLVED|ENTITY_NOT_RESOLVED|ENTITY_NOT_RESOLVED_SAFE_BLOCK,Tighten canonical entity extraction before image or caption generation.|Add a recovery path for valid TMDb assets once canonical extraction is reliable.|Improve fallback policy for feed images only when they are explicitly project-linked and renderable.
f37f76d5ccd7ba9c,TVLine,"CBS Reveals Finale Spoilers For 19 Shows — Plus, Jensen Ackles' Tracker Return Confirmed",https://www.tvline.com/2144299/cbs-2026-season-finale-release-dates-spoilers/,Jensen Ackles' Tracker Return,person,return,true,IMAGE_NOT_FOUND|IMAGE_NOT_FOUND_FALSE_BLOCK|PERSON_FALLBACK_NOT_ALLOWED,Add a recovery path for valid TMDb assets once canonical extraction is reliable.|Improve fallback policy for feed images only when they are explicitly project-linked and renderable.
acedcc0b0384cf74,TVLine,10 Sitcoms Without A Single Bad Season,https://www.tvline.com/2143272/sitcoms-without-bad-season/,Sitcoms Without,person,other,true,IMAGE_NOT_FOUND|IMAGE_NOT_FOUND_FALSE_BLOCK|PERSON_FALLBACK_NOT_ALLOWED,Add a recovery path for valid TMDb assets once canonical extraction is reliable.|Improve fallback policy for feed images only when they are explicitly project-linked and renderable.
87ce3b68de1959d6,TVLine,Did Abbott Elementary Just Break Up Janine And Gregory? Quinta Brunson Details The Fallout From That Big Fight,https://www.tvline.com/2144224/abbott-elementary-janine-gregory-break-up-season-5-episode-19-recap/,Did Abbott Elementary Just,person,other,true,CAPTION_CANONICAL_ENTITY_MISMATCH|IMAGE_NOT_FOUND|IMAGE_NOT_FOUND_FALSE_BLOCK|PERSON_FALLBACK_NOT_ALLOWED,Add a recovery path for valid TMDb assets once canonical extraction is reliable.|Improve fallback policy for feed images only when they are explicitly project-linked and renderable.|Validate caption headline entity against canonical media title and allowed entities.
80de8db36350e6a8,TVLine,Survivor 50's Latest Boot Reveals What We Didn't See During That Spicy Camp Fight,https://www.tvline.com/2144154/survivor-50-dee-valladares-exit-interview-episode-7/,Latest Boot Reveals What,person,interview_quote,true,IMAGE_NOT_FOUND|IMAGE_NOT_FOUND_FALSE_BLOCK|PERSON_FALLBACK_NOT_ALLOWED,Add a recovery path for valid TMDb assets once canonical extraction is reliable.|Improve fallback policy for feed images only when they are explicitly project-linked and renderable.
3f6f2e0b00706d7c,TVLine,Malcolm In The Middle Review: Hulu's Messy Family Reunion Struggles To Recapture The Original's Zing,https://www.tvline.com/2143515/malcolm-in-the-middle-lifes-still-unfair-hulu-review/,Malcolm In The Middle,person,other,true,CAPTION_CANONICAL_ENTITY_MISMATCH,Validate caption headline entity against canonical media title and allowed entities.
1e95547548af0e79,TVLine,Sullivan's Crossing Season 4 First Look: Liam's Arrival Brings 'Tension' For Maggie And Cal (Exclusive),https://www.tvline.com/2144015/sullivans-crossing-season-4-spoilers-first-look-liam-maggie-cal/,Tension,tv,first_look,true,CAPTION_CANONICAL_ENTITY_MISMATCH|IMAGE_NOT_FOUND|IMAGE_NOT_FOUND_FALSE_BLOCK|PROJECT_FALLBACK_EMPTY,Add a recovery path for valid TMDb assets once canonical extraction is reliable.|Improve fallback policy for feed images only when they are explicitly project-linked and renderable.|Validate caption headline entity against canonical media title and allowed entities.
f13b98910e5d0ad6,TVLine,Rooster Renewed For Season 2 At HBO,https://www.tvline.com/2144014/steve-carell-rooster-renewed-season-2-hbo/,Rooster Renewed For Season,person,renewal,true,IMAGE_TMBD_CANDIDATE_ZERO_TOKEN_OVERLAP,Add canonical token overlap gating before accepting TMDb title candidates.
96ff437aa5f6afa3,TVLine,Why Star Trek: The Next Generation's Worst-Rated Episode On IMDb Is So Hated,https://www.tvline.com/2142077/why-star-trek-the-next-generation-worst-rated-episode-imdb-so-hated/,,person,other,true,CAPTION_CANONICAL_ENTITY_MISMATCH|IMAGE_NOT_FOUND|IMAGE_NOT_FOUND_SAFE_BLOCK|TMDB_TITLE_NOT_RESOLVED|ENTITY_NOT_RESOLVED|ENTITY_NOT_RESOLVED_SAFE_BLOCK,Tighten canonical entity extraction before image or caption generation.|Improve fallback policy for feed images only when they are explicitly project-linked and renderable.|Validate caption headline entity against canonical media title and allowed entities.
a075491ce2e9115e,TVLine,"What To Watch Thursday: Big Mistakes And Miniature Wife Premiere, Hacks' End Begins, And More",https://www.tvline.com/2143521/what-to-watch-april-9-2026-tv-shows-movies/,,person,release_date,true,CAPTION_CANONICAL_ENTITY_MISMATCH|IMAGE_NOT_FOUND|IMAGE_NOT_FOUND_FALSE_BLOCK|TMDB_TITLE_NOT_RESOLVED|ENTITY_NOT_RESOLVED|ENTITY_NOT_RESOLVED_SAFE_BLOCK,Tighten canonical entity extraction before image or caption generation.|Add a recovery path for valid TMDb assets once canonical extraction is reliable.|Improve fallback policy for feed images only when they are explicitly project-linked and renderable.|Validate caption headline entity against canonical media title and allowed entities.
92c9b1146a0a833b,TVLine,Survivor 50 Recap: The Dragon Slayer Declares War,https://www.tvline.com/2143684/survivor-50-recap-episode-7-dee-voted-off/,The Dragon Slayer Declares,person,other,true,CAPTION_CANONICAL_ENTITY_MISMATCH|IMAGE_NOT_FOUND|IMAGE_NOT_FOUND_FALSE_BLOCK|PERSON_FALLBACK_NOT_ALLOWED,Add a recovery path for valid TMDb assets once canonical extraction is reliable.|Improve fallback policy for feed images only when they are explicitly project-linked and renderable.|Validate caption headline entity against canonical media title and allowed entities.
786d9db3fdc687f2,TVLine,Chicago Med: [Spoiler] Is Alive! Oliver Platt Teases 'Plenty Of Drama' Ahead,https://www.tvline.com/2143699/chicago-med-charles-alive-oliver-platt-interview-season-11-episode-17/,Plenty Of Drama,tv,other,true,CAPTION_CANONICAL_ENTITY_MISMATCH|IMAGE_NOT_FOUND|IMAGE_NOT_FOUND_FALSE_BLOCK|PROJECT_FALLBACK_EMPTY,Add a recovery path for valid TMDb assets once canonical extraction is reliable.|Improve fallback policy for feed images only when they are explicitly project-linked and renderable.|Validate caption headline entity against canonical media title and allowed entities.
e0431fd6b2644c12,TheWrap,"‘Welcome to Wrexham’ Renewed Through 2029 at FX, Sets Season 5 Premiere Date",https://www.thewrap.com/creative-content/tv-shows/welcome-to-wrexham-renewed-through-2029-fx-hulu/,"Welcome to Wrexham,",tv,renewal,true,CAPTION_BROKEN_QUOTE|CAPTION_CANONICAL_ENTITY_MISMATCH|IMAGE_CANONICAL_ENTITY_MISMATCH|IMAGE_COMPANY_LOGO_MISUSED,Block company logos as primary images when a project or person entity exists.|Require selected images to be grounded in canonical allowed entities.|Reject broken quote fragments before captions can pass final validation.|Validate caption headline entity against canonical media title and allowed entities.
2a5fdbc0252f6188,TheWrap,Jimmy Kimmel Jokes Zendaya Is Probably the Reason No One on ‘Euphoria’ Knows Its Future: ‘Tom Holland Can’t Be Trusted’ | Video,https://www.thewrap.com/creative-content/tv-shows/jimmy-kimmel-zendaya-reason-no-one-knows-euphoria-future-tom-holland/,Jimmy Kimmel Live!,tv,interview_quote,true,CAPTION_BROKEN_QUOTE|IMAGE_COMPANY_LOGO_MISUSED,Block company logos as primary images when a project or person entity exists.|Reject broken quote fragments before captions can pass final validation.
e6ebd7be0a0fc3a7,TheWrap,CNN Promotes Alex MacCallum to Chief Operating Officer,https://www.thewrap.com/media-platforms/journalism/cnn-promotes-alex-maccallum-chief-operating-officer/,he further wrote.,movie,interview_quote,true,CAPTION_CANONICAL_ENTITY_MISMATCH|IMAGE_NOT_FOUND|IMAGE_NOT_FOUND_FALSE_BLOCK|PROJECT_FALLBACK_EMPTY,Add a recovery path for valid TMDb assets once canonical extraction is reliable.|Improve fallback policy for feed images only when they are explicitly project-linked and renderable.|Validate caption headline entity against canonical media title and allowed entities.
5b3ad3bcbdde3eb0,TheWrap,NFL Partnerships With Content Creators Are a Win-Win for Fans and Execs: ‘Give These Guys What They Need’ | Video,https://www.thewrap.com/culture-lifestyle/sports/nfl-partnerships-content-creator-hollywood-access/,"no f-king way I get to work with the NFL, this is amazing,",movie,interview_quote,true,IMAGE_NOT_FOUND|IMAGE_NOT_FOUND_FALSE_BLOCK|PROJECT_FALLBACK_EMPTY,Add a recovery path for valid TMDb assets once canonical extraction is reliable.|Improve fallback policy for feed images only when they are explicitly project-linked and renderable.
926d7a91f5e65d23,TheWrap,"Lionsgate, Tubi Execs Share Their Secret to Creator Success in Hollywood",https://www.thewrap.com/industry-news/business/creator-business-hollywood-brad-haugen-dunia-mcneily-kudzi-chikumbu-panel-interview/,Haugen said.,tv,interview_quote,true,CAPTION_CANONICAL_ENTITY_MISMATCH|IMAGE_NOT_FOUND|IMAGE_NOT_FOUND_FALSE_BLOCK|PROJECT_FALLBACK_EMPTY,Add a recovery path for valid TMDb assets once canonical extraction is reliable.|Improve fallback policy for feed images only when they are explicitly project-linked and renderable.|Validate caption headline entity against canonical media title and allowed entities.
47664366f9c557b8,TheWrap,"Issa Rae Slams DEI Rollbacks, Breaks Down Hollywood’s ‘Identity Crisis’ Over Creators: ‘It’s Become a Bad Word’ | Video",https://www.thewrap.com/industry-news/business/issa-rae-hollywood-creator-identity-crisis-dei-rollbacks/,Rae added.,tv,interview_quote,true,CAPTION_CANONICAL_ENTITY_MISMATCH|IMAGE_CANONICAL_ENTITY_MISMATCH,Require selected images to be grounded in canonical allowed entities.|Validate caption headline entity against canonical media title and allowed entities.
53f7ee3996a6358e,TheWrap,"Creators Get Candid on Their Booming, Challenging Business: ‘You Need to Be Everywhere’ | Video",https://www.thewrap.com/industry-news/business/issa-rae-dhar-mann-creators-hollywood-future/,Kim said. The microdramas boom (new Image()).src =,tv,interview_quote,true,CAPTION_CONTAINS_HTML_ENTITY|CAPTION_CANONICAL_ENTITY_MISMATCH|IMAGE_NOT_FOUND|IMAGE_NOT_FOUND_FALSE_BLOCK|PROJECT_FALLBACK_EMPTY|CAPTION_HTML_ENTITY_LEAK,Add a recovery path for valid TMDb assets once canonical extraction is reliable.|Improve fallback policy for feed images only when they are explicitly project-linked and renderable.|Normalize HTML entities before quote validation and final caption validation.|Validate caption headline entity against canonical media title and allowed entities.
06d90d7c784b4aae,TheWrap,"BAFTA Board Apologizes, Sets 3-Step Plan to Ensure ‘Sinners’ N-Word Incident Doesn’t Happen Again",https://www.thewrap.com/creative-content/movies/bafta-board-apologizes-sinners-n-word-bbc-next-steps/,Sinners,movie,casting,false,,
8b002bc9b659b536,TheWrap,"‘Thrash’ Review: Not a Great Killer Shark Movie, but You Could Netflix and Gill",https://www.thewrap.com/creative-content/movies/thrash-review-netflix-tommy-wirkola/,Thrash,movie,casting,false,,
1c4b0da8e2087cdf,TheWrap,‘Michael’ Clip of Jaafar Jackson’s ‘Billie Jean’ Performance Slammed by Fans: ‘F–king Atrocious’,https://www.thewrap.com/creative-content/movies/michael-movie-clip-jaafar-jackson-billie-jean-fans-react/,"Motown 25: Yesterday, Today, Forever,",movie,interview_quote,true,IMAGE_CANONICAL_ENTITY_MISMATCH,Require selected images to be grounded in canonical allowed entities.
08c1b1bc16fbdf0b,SlashFilm,Stephen King Thinks This Sci-Fi Anthology Series Is Scarier Than The Twilight Zone,https://www.slashfilm.com/2143915/stephen-king-sci-fi-anthology-the-outer-limits-scarier-the-twilight-zone/,,person,other,true,CAPTION_CANONICAL_ENTITY_MISMATCH|IMAGE_TMBD_CANDIDATE_ZERO_TOKEN_OVERLAP|ENTITY_NOT_RESOLVED|ENTITY_NOT_RESOLVED_SAFE_BLOCK,Tighten canonical entity extraction before image or caption generation.|Add canonical token overlap gating before accepting TMDb title candidates.|Validate caption headline entity against canonical media title and allowed entities.
6d5ba2f54f6243bb,SlashFilm,Why The New Faces Of Death Movie May Be The Most Complex Horror Movie Of 2026,https://www.slashfilm.com/2143166/why-faces-of-death-most-complex-2026-horror-movie/,,person,other,true,CAPTION_CANONICAL_ENTITY_MISMATCH|IMAGE_NOT_FOUND|IMAGE_NOT_FOUND_SAFE_BLOCK|TMDB_TITLE_NOT_RESOLVED|ENTITY_NOT_RESOLVED|ENTITY_NOT_RESOLVED_SAFE_BLOCK,Tighten canonical entity extraction before image or caption generation.|Improve fallback policy for feed images only when they are explicitly project-linked and renderable.|Validate caption headline entity against canonical media title and allowed entities.
891df1eb0e28da11,SlashFilm,The Pitt Season 2's Gilligan's Island Reference Explained,https://www.slashfilm.com/2144572/the-pitt-season-2-gilligans-island-reference-explained/,The Pitt Season,person,reveal,true,IMAGE_NOT_FOUND|IMAGE_NOT_FOUND_FALSE_BLOCK|PERSON_FALLBACK_NOT_ALLOWED,Add a recovery path for valid TMDb assets once canonical extraction is reliable.|Improve fallback policy for feed images only when they are explicitly project-linked and renderable.
e42d8ae7570220c3,SlashFilm,For All Mankind Season 5 Just Gave Its Best Character A Perfect Send-Off,https://www.slashfilm.com/2144208/for-all-mankind-season-5-ed-baldwin-death-explained/,For All Mankind Season,person,other,true,CAPTION_CANONICAL_ENTITY_MISMATCH|IMAGE_NOT_FOUND|IMAGE_NOT_FOUND_FALSE_BLOCK|PERSON_FALLBACK_NOT_ALLOWED,Add a recovery path for valid TMDb assets once canonical extraction is reliable.|Improve fallback policy for feed images only when they are explicitly project-linked and renderable.|Validate caption headline entity against canonical media title and allowed entities.
fb6aec026117e166,SlashFilm,"Yes, The Boys Cast And Creators Know All About Your Homelander Memes",https://www.slashfilm.com/2144349/the-boys-cast-creators-homelander-memes-response/,,person,casting,true,IMAGE_NOT_FOUND|IMAGE_NOT_FOUND_FALSE_BLOCK|TMDB_TITLE_NOT_RESOLVED|ENTITY_NOT_RESOLVED|ENTITY_NOT_RESOLVED_SAFE_BLOCK,Tighten canonical entity extraction before image or caption generation.|Add a recovery path for valid TMDb assets once canonical extraction is reliable.|Improve fallback policy for feed images only when they are explicitly project-linked and renderable.
14219ecfe2171af2,SlashFilm,Thrash Review: Netflix's New Shark Disaster Flick Is Exactly What You Want It To Be,https://www.slashfilm.com/2144278/thrash-2026-netflix-movie-review/,Thrash Revi,person,other,true,CAPTION_CANONICAL_ENTITY_MISMATCH|IMAGE_NOT_FOUND|IMAGE_NOT_FOUND_FALSE_BLOCK|PERSON_FALLBACK_NOT_ALLOWED,Add a recovery path for valid TMDb assets once canonical extraction is reliable.|Improve fallback policy for feed images only when they are explicitly project-linked and renderable.|Validate caption headline entity against canonical media title and allowed entities.
ebcf54edcface499,SlashFilm,Stormtroopers Take The Spotlight In Disney Store's New Star Wars Day 2026 Merchandise [Exclusive],https://www.slashfilm.com/2144418/stormtroopers-disney-store-star-wars-day-2026-merchandise/,Stormtroopers Take The Spotlight,person,other,true,CAPTION_CANONICAL_ENTITY_MISMATCH|IMAGE_NOT_FOUND|IMAGE_NOT_FOUND_FALSE_BLOCK|PERSON_FALLBACK_NOT_ALLOWED,Add a recovery path for valid TMDb assets once canonical extraction is reliable.|Improve fallback policy for feed images only when they are explicitly project-linked and renderable.|Validate caption headline entity against canonical media title and allowed entities.
e5b3887a2c5015fa,SlashFilm,The Pitt Season 2 Confirms What's Really Going On With Dr. Al-Hashimi,https://www.slashfilm.com/2144395/the-pitt-season-2-episode-14-dr-al-hashimi-secret-explained/,The Pitt Season,person,other,true,CAPTION_CANONICAL_ENTITY_MISMATCH|IMAGE_NOT_FOUND|IMAGE_NOT_FOUND_FALSE_BLOCK|PERSON_FALLBACK_NOT_ALLOWED,Add a recovery path for valid TMDb assets once canonical extraction is reliable.|Improve fallback policy for feed images only when they are explicitly project-linked and renderable.|Validate caption headline entity against canonical media title and allowed entities.
06cc4bce5dcf318c,SlashFilm,Invincible Season 4 Features A Major Star Trek: The Next Generation Actor In An Unexpected Role,https://www.slashfilm.com/2144352/invincible-season-4-star-trek-the-next-generation-actor-levar-burton/,Invincible Season,person,other,true,IMAGE_TMBD_CANDIDATE_ZERO_TOKEN_OVERLAP,Add canonical token overlap gating before accepting TMDb title candidates.
7a26908845e039ef,SlashFilm,Dan Levy's New Crime Comedy Series Is A Must-Watch On Netflix,https://www.slashfilm.com/2144396/dan-levy-crime-comedy-series-big-mistakes-streaming-netflix/,Dan Levy's New Crime,person,other,false,,
fc03c6b7287c0915,SlashFilm,"The Boys Season 5, Episode 2 Reveals What Ashley's Powers Are",https://www.slashfilm.com/2142207/the-boys-season-5-ashley-powers-explained/,The Boys Season,person,other,true,CAPTION_CANONICAL_ENTITY_MISMATCH|IMAGE_NOT_FOUND|IMAGE_NOT_FOUND_FALSE_BLOCK|PERSON_FALLBACK_NOT_ALLOWED,Add a recovery path for valid TMDb assets once canonical extraction is reliable.|Improve fallback policy for feed images only when they are explicitly project-linked and renderable.|Validate caption headline entity against canonical media title and allowed entities.
735af430ffc08167,SlashFilm,Why The Boys Season 5 Is So Different For Sister Sage [Exclusive],https://www.slashfilm.com/2143505/why-the-boys-season-5-different-sister-sage/,,person,other,true,IMAGE_NOT_FOUND|IMAGE_NOT_FOUND_FALSE_BLOCK|TMDB_TITLE_NOT_RESOLVED|ENTITY_NOT_RESOLVED|ENTITY_NOT_RESOLVED_SAFE_BLOCK,Tighten canonical entity extraction before image or caption generation.|Add a recovery path for valid TMDb assets once canonical extraction is reliable.|Improve fallback policy for feed images only when they are explicitly project-linked and renderable.
cb6c7c8d52b4b567,SlashFilm,"Elisabeth Moss' Game-Changing Cameos In The Testaments, Explained",https://www.slashfilm.com/2143495/elisabeth-moss-cameo-the-testaments-explained/,Elisabeth Moss' Game-Changing Cameos,person,reveal,true,CAPTION_CANONICAL_ENTITY_MISMATCH|IMAGE_NOT_FOUND|IMAGE_NOT_FOUND_FALSE_BLOCK|PERSON_FALLBACK_NOT_ALLOWED,Add a recovery path for valid TMDb assets once canonical extraction is reliable.|Improve fallback policy for feed images only when they are explicitly project-linked and renderable.|Validate caption headline entity against canonical media title and allowed entities.
49ce162a4529550f,SlashFilm,The Boys Season 5 Parodies DC's Teen Titans With A Takedown Of Influencer Culture,https://www.slashfilm.com/2142145/the-boys-season-5-dc-teen-titans-parody-influencer-culture/,The Boys Season,person,other,true,IMAGE_NOT_FOUND|IMAGE_NOT_FOUND_FALSE_BLOCK|PERSON_FALLBACK_NOT_ALLOWED,Add a recovery path for valid TMDb assets once canonical extraction is reliable.|Improve fallback policy for feed images only when they are explicitly project-linked and renderable.
df061172b646eca2,SlashFilm,Incredibles Director Brad Bird's Netflix Sci-Fi Movie Looks Like Everything We've Always Wanted,https://www.slashfilm.com/2144111/ray-gunn-incredibles-director-brad-bird-netflix-sci-fi-movie-first-look/,,person,other,true,IMAGE_NOT_FOUND|IMAGE_NOT_FOUND_FALSE_BLOCK|TMDB_TITLE_NOT_RESOLVED|ENTITY_NOT_RESOLVED|ENTITY_NOT_RESOLVED_SAFE_BLOCK,Tighten canonical entity extraction before image or caption generation.|Add a recovery path for valid TMDb assets once canonical extraction is reliable.|Improve fallback policy for feed images only when they are explicitly project-linked and renderable.
e8633310f2f6d8ad,SlashFilm,The Punisher: One Last Kill Trailer Brings Frank Castle Out Of Hiding To Shoot Everyone,https://www.slashfilm.com/2144106/punisher-one-last-kill-trailer/,The Punisher,person,trailer,true,IMAGE_LOGO_OVERUSE|IMAGE_COMPANY_LOGO_MISUSED,Block company logos as primary images when a project or person entity exists.
486caf1794517f08,SlashFilm,How The Boys Season 5's Grotesque Love Sausage Fight Scene Was Filmed [Exclusive],https://www.slashfilm.com/2143960/how-the-boys-season-5-love-sausage-fight-scene-filmed/,,person,other,true,CAPTION_CANONICAL_ENTITY_MISMATCH|IMAGE_NOT_FOUND|IMAGE_NOT_FOUND_FALSE_BLOCK|TMDB_TITLE_NOT_RESOLVED|ENTITY_NOT_RESOLVED|ENTITY_NOT_RESOLVED_SAFE_BLOCK,Tighten canonical entity extraction before image or caption generation.|Add a recovery path for valid TMDb assets once canonical extraction is reliable.|Improve fallback policy for feed images only when they are explicitly project-linked and renderable.|Validate caption headline entity against canonical media title and allowed entities.
93e7edf6ae2bfb38,SlashFilm,"10 Best Fourth Movies In A Franchise, Ranked",https://www.slashfilm.com/2138772/best-fourth-movies-franchise-ranked/,,other,other,true,CAPTION_UNRESOLVED_TITLE|IMAGE_NOT_FOUND|IMAGE_NOT_FOUND_FALSE_BLOCK|TMDB_TITLE_NOT_RESOLVED|ENTITY_NOT_RESOLVED|ENTITY_NOT_RESOLVED_SAFE_BLOCK,Tighten canonical entity extraction before image or caption generation.|Add a recovery path for valid TMDb assets once canonical extraction is reliable.|Improve fallback policy for feed images only when they are explicitly project-linked and renderable.
adb7e1d28592443f,SlashFilm,Mutiny Trailer: Jason Statham Isn't Taking Any Ship From These Dudes,https://www.slashfilm.com/2144036/mutiny-jason-statham-action-thriller-trailer/,Mutiny Trailer,person,trailer,true,IMAGE_NOT_FOUND|IMAGE_NOT_FOUND_FALSE_BLOCK|PERSON_FALLBACK_NOT_ALLOWED,Add a recovery path for valid TMDb assets once canonical extraction is reliable.|Improve fallback policy for feed images only when they are explicitly project-linked and renderable.
101ad529cacc5245,SlashFilm,Exit 8 Review: This Creepy Liminal Horror Movie Keeps Going In Circles,https://www.slashfilm.com/2143418/exit-8-horror-movie-review/,This Creepy Liminal Horror,person,other,true,CAPTION_CANONICAL_ENTITY_MISMATCH|IMAGE_NOT_FOUND|IMAGE_NOT_FOUND_FALSE_BLOCK|PERSON_FALLBACK_NOT_ALLOWED,Add a recovery path for valid TMDb assets once canonical extraction is reliable.|Improve fallback policy for feed images only when they are explicitly project-linked and renderable.|Validate caption headline entity against canonical media title and allowed entities.
